text,category,urgency
"Product specifications. I'm curious about the battery life and expected performance. Just a small thing, not important.",Product inquiry,Low
"Terminate my account. I would like to cancel my subscription effective immediately. Just a small thing, not important.",Cancellation request,Low
Billing cycle confusion. Can you explain the charge on my account from last week? This isn't urgent but I'd appreciate a response this week.,Billing inquiry,Medium
"Stop my membership. Unsubscribe me from this service going forward. Just a small thing, not important.",Cancellation request,Low
"Return and refund. I'm not satisfied with this purchase and want a refund. Please prioritize this, it's important.",Refund request,High
"Requesting a refund. I want to return this item and get a full refund. No rush at all, just a minor question.",Refund request,Low
"Device not turning on. Data isn't syncing between my phone and the app. Emergency situation, please respond ASAP.",Technical issue,Critical
Software update failed. I can't log in even after resetting my password. This is a critical issue affecting my business immediately.,Technical issue,Critical
Warranty coverage details. Does the warranty cover accidental damage? This is impacting my work significantly.,Product inquiry,High
Return and refund. Can you tell me the status of my refund request? This isn't urgent but I'd appreciate a response this week.,Refund request,Medium
Want to cancel my subscription. Unsubscribe me from this service going forward. This is impacting my work significantly.,Cancellation request,High
"Available colors and sizes. I'd like more details on the specifications before buying. Emergency situation, please respond ASAP.",Product inquiry,Critical
Warranty coverage details. What's the difference between the two models you offer? This is fairly urgent and needs attention soon.,Product inquiry,High
"Return and refund. I want to return this item and get a full refund. Please prioritize this, it's important.",Refund request,High
"Cancel recent purchase. Turn off auto-renewal on my account starting next cycle. This can wait, just curious about something.",Cancellation request,Low
Billing cycle confusion. Can you explain the charge on my account from last week? Please take a look when convenient.,Billing inquiry,Medium
"Refund on my bill. The payment I made isn't showing up in my billing history. Completely unusable, need this fixed today.",Billing inquiry,Critical
"App keeps crashing. Bluetooth pairing fails every single time I attempt it. No rush at all, just a minor question.",Technical issue,Low
"Payment not reflecting. My subscription fee went up without any notice. Not blocking anything major, just want it addressed.",Billing inquiry,Medium
"Item arrived damaged. The item arrived damaged and I want my money back. This is extremely urgent, I need help right now.",Refund request,Critical
Subscription price increased. Can you explain the charge on my account from last week? This is a critical issue affecting my business immediately.,Billing inquiry,Critical
Cancel recent purchase. Turn off auto-renewal on my account starting next cycle. This isn't urgent but I'd appreciate a response this week.,Cancellation request,Medium
"Does this support my device. What's the difference between the two models you offer? Please prioritize this, it's important.",Product inquiry,High
"Bluetooth connection issue. The product suddenly stopped responding to any input. This is extremely urgent, I need help right now.",Technical issue,Critical
"Unsubscribe from service. I'd like to terminate my account and delete my data. This can wait, just curious about something.",Cancellation request,Low
"Return and refund. I'd like to request a refund for my recent order. Please prioritize this, it's important.",Refund request,High
"Please cancel my order. I would like to cancel my subscription effective immediately. Please prioritize this, it's important.",Cancellation request,High
"Unsubscribe from service. Please process a cancellation for my recent purchase. Completely unusable, need this fixed today.",Cancellation request,Critical
"Question about product features. Can you tell me if this product is compatible with my setup? Whenever you get a chance, please look into this.",Product inquiry,Medium
"Refund for cancelled order. This product isn't what was described on the website. Just a small thing, not important.",Refund request,Low
"Need invoice copy. I need a copy of my invoice for accounting purposes. Low priority, just flagging for future reference.",Billing inquiry,Low
"Device not turning on. The app crashes every time I try to open the settings page. This can wait, just curious about something.",Technical issue,Low
"Is this in stock. What colors and sizes does this item come in? Low priority, just flagging for future reference.",Product inquiry,Low
"Item arrived damaged. I'm not satisfied with this purchase and want a refund. Not blocking anything major, just want it addressed.",Refund request,Medium
"Is this in stock. Does the warranty cover accidental damage? Low priority, just flagging for future reference.",Product inquiry,Low
"Terminate my account. I would like to cancel my subscription effective immediately. This can wait, just curious about something.",Cancellation request,Low
Need invoice copy. My invoice this month shows an extra charge I don't recognize. Please take a look when convenient.,Billing inquiry,Medium
"Comparing two models. Does this product work with third-party accessories? Whenever you get a chance, please look into this.",Product inquiry,Medium
Question about product features. What's the difference between the two models you offer? This isn't urgent but I'd appreciate a response this week.,Product inquiry,Medium
Comparing two models. I'd like more details on the specifications before buying. This is impacting my work significantly.,Product inquiry,High
"Question about product features. Does this product work with third-party accessories? Completely unusable, need this fixed today.",Product inquiry,Critical
Comparing two models. I'm curious about the battery life and expected performance. This is impacting my work significantly.,Product inquiry,High
"Charged twice this month. I was charged $120.50 but my plan should cost $19.00. Please prioritize this, it's important.",Billing inquiry,High
"Refund on my bill. The payment I made isn't showing up in my billing history. This can wait, just curious about something.",Billing inquiry,Low
Refund on my bill. Can you explain the charge on my account from last week? This isn't urgent but I'd appreciate a response this week.,Billing inquiry,Medium
"Refund for cancelled order. I'm not satisfied with this purchase and want a refund. Low priority, just flagging for future reference.",Refund request,Low
"Error message on startup. The software update keeps failing at 90 percent. Please prioritize this, it's important.",Technical issue,High
Need invoice copy. My invoice this month shows an extra charge I don't recognize. This is fairly urgent and needs attention soon.,Billing inquiry,High
"Subscription price increased. I was charged $120.50 but my plan should cost $49.99. Whenever you get a chance, please look into this.",Billing inquiry,Medium
"Item arrived damaged. My order was cancelled but I haven't received a refund yet. Please prioritize this, it's important.",Refund request,High
Unhappy with purchase. Please refund me since the product doesn't work as advertised. This isn't urgent but I'd appreciate a response this week.,Refund request,Medium
"Available colors and sizes. What's the difference between the two models you offer? No rush at all, just a minor question.",Product inquiry,Low
"Unsubscribe from service. Unsubscribe me from this service going forward. This can wait, just curious about something.",Cancellation request,Low
"Bluetooth connection issue. I can't log in even after resetting my password. Just a small thing, not important.",Technical issue,Low
Want my money back. Can you tell me the status of my refund request? This is fairly urgent and needs attention soon.,Refund request,High
Requesting a refund. Please refund me since the product doesn't work as advertised. Please take a look when convenient.,Refund request,Medium
"Cannot log into my account. Bluetooth pairing fails every single time I attempt it. Not blocking anything major, just want it addressed.",Technical issue,Medium
"Subscription price increased. I need a copy of my invoice for accounting purposes. Whenever you get a chance, please look into this.",Billing inquiry,Medium
"Product specifications. Is this item currently in stock and ready to ship? Just a small thing, not important.",Product inquiry,Low
Requesting a refund. I'm not satisfied with this purchase and want a refund. This is fairly urgent and needs attention soon.,Refund request,High
"Question about my invoice. I noticed a duplicate charge on my credit card statement. Emergency situation, please respond ASAP.",Billing inquiry,Critical
"Terminate my account. Turn off auto-renewal on my account starting next cycle. This can wait, just curious about something.",Cancellation request,Low
Software update failed. I can't log in even after resetting my password. Please take a look when convenient.,Technical issue,Medium
"Question about product features. Can you tell me if this product is compatible with my setup? Whenever you get a chance, please look into this.",Product inquiry,Medium
Product specifications. Does the warranty cover accidental damage? This is impacting my work significantly.,Product inquiry,High
Available colors and sizes. What's the difference between the two models you offer? I need this resolved within the next day or two.,Product inquiry,High
"Cancel auto-renewal. Please process a cancellation for my recent purchase. Completely unusable, need this fixed today.",Cancellation request,Critical
"Stop my membership. Please cancel the order I placed yesterday before it ships. Just a small thing, not important.",Cancellation request,Low
"Billing cycle confusion. I need a copy of my invoice for accounting purposes. Just a small thing, not important.",Billing inquiry,Low
"Device not turning on. Bluetooth pairing fails every single time I attempt it. Just a small thing, not important.",Technical issue,Low
"Cancel recent purchase. Please cancel the order I placed yesterday before it ships. This is extremely urgent, I need help right now.",Cancellation request,Critical
"Unhappy with purchase. Please refund me since the product doesn't work as advertised. Emergency situation, please respond ASAP.",Refund request,Critical
"Device not turning on. Bluetooth pairing fails every single time I attempt it. No rush at all, just a minor question.",Technical issue,Low
"Requesting a refund. Can you tell me the status of my refund request? Whenever you get a chance, please look into this.",Refund request,Medium
"Want to cancel my subscription. I would like to cancel my subscription effective immediately. Please prioritize this, it's important.",Cancellation request,High
Product not as described. This product isn't what was described on the website. This is impacting my work significantly.,Refund request,High
Return and refund. I'm not satisfied with this purchase and want a refund. Please take a look when convenient.,Refund request,Medium
"Item arrived damaged. I want to return this item and get a full refund. Low priority, just flagging for future reference.",Refund request,Low
App keeps crashing. The product suddenly stopped responding to any input. This is impacting my work significantly.,Technical issue,High
"Item arrived damaged. Can you tell me the status of my refund request? Low priority, just flagging for future reference.",Refund request,Low
"Please cancel my order. I want to stop my membership and not be charged again. Low priority, just flagging for future reference.",Cancellation request,Low
"Please cancel my order. Please cancel the order I placed yesterday before it ships. This can wait, just curious about something.",Cancellation request,Low
Product not as described. I'd like to request a refund for my recent order. This isn't urgent but I'd appreciate a response this week.,Refund request,Medium
"Cannot log into my account. Bluetooth pairing fails every single time I attempt it. Emergency situation, please respond ASAP.",Technical issue,Critical
Cancel auto-renewal. I want to stop my membership and not be charged again. This is impacting my work significantly.,Cancellation request,High
"Is this in stock. Does the warranty cover accidental damage? This can wait, just curious about something.",Product inquiry,Low
Item arrived damaged. My order was cancelled but I haven't received a refund yet. This is fairly urgent and needs attention soon.,Refund request,High
Cannot log into my account. Data isn't syncing between my phone and the app. This is fairly urgent and needs attention soon.,Technical issue,High
"Product specifications. Does this product work with third-party accessories? Whenever you get a chance, please look into this.",Product inquiry,Medium
"Product stopped responding. My device won't turn on no matter what I try. No rush at all, just a minor question.",Technical issue,Low
Payment not reflecting. The billing statement doesn't match what I signed up for. Please take a look when convenient.,Billing inquiry,Medium
"Error message on startup. I keep getting an error code when I start the program. Completely unusable, need this fixed today.",Technical issue,Critical
Device not turning on. The product suddenly stopped responding to any input. I need this resolved within the next day or two.,Technical issue,High
"Refund status update. I want to return this item and get a full refund. Emergency situation, please respond ASAP.",Refund request,Critical
"Available colors and sizes. Can you tell me if this product is compatible with my setup? Not blocking anything major, just want it addressed.",Product inquiry,Medium
"Compatibility question. What's the difference between the two models you offer? Not blocking anything major, just want it addressed.",Product inquiry,Medium
"Device not turning on. Bluetooth pairing fails every single time I attempt it. Emergency situation, please respond ASAP.",Technical issue,Critical
Subscription price increased. The payment I made isn't showing up in my billing history. This is impacting my work significantly.,Billing inquiry,High
"Refund for cancelled order. This product isn't what was described on the website. Completely unusable, need this fixed today.",Refund request,Critical
Software update failed. The app crashes every time I try to open the settings page. This is fairly urgent and needs attention soon.,Technical issue,High
"Charged twice this month. The payment I made isn't showing up in my billing history. This can wait, just curious about something.",Billing inquiry,Low
Stop my membership. Please process a cancellation for my recent purchase. This is impacting my work significantly.,Cancellation request,High
"Question about product features. Does the warranty cover accidental damage? This can wait, just curious about something.",Product inquiry,Low
Software update failed. Data isn't syncing between my phone and the app. I need this resolved within the next day or two.,Technical issue,High
"Stop my membership. Unsubscribe me from this service going forward. Low priority, just flagging for future reference.",Cancellation request,Low
End my service plan. Please cancel the order I placed yesterday before it ships. This is impacting my work significantly.,Cancellation request,High
Question about my invoice. The payment I made isn't showing up in my billing history. This is impacting my work significantly.,Billing inquiry,High
"Product stopped responding. My device won't turn on no matter what I try. Whenever you get a chance, please look into this.",Technical issue,Medium
"App keeps crashing. The software update keeps failing at 90 percent. Whenever you get a chance, please look into this.",Technical issue,Medium
Requesting a refund. My order was cancelled but I haven't received a refund yet. Please take a look when convenient.,Refund request,Medium
Refund status update. Can you tell me the status of my refund request? This is fairly urgent and needs attention soon.,Refund request,High
"Refund on my bill. I need a copy of my invoice for accounting purposes. Just a small thing, not important.",Billing inquiry,Low
Item arrived damaged. I'd like to request a refund for my recent order. This is fairly urgent and needs attention soon.,Refund request,High
"Product specifications. Is this item currently in stock and ready to ship? Whenever you get a chance, please look into this.",Product inquiry,Medium
"Does this support my device. Does the warranty cover accidental damage? Whenever you get a chance, please look into this.",Product inquiry,Medium
"Is this in stock. I'd like more details on the specifications before buying. Completely unusable, need this fixed today.",Product inquiry,Critical
Product specifications. Does this product work with third-party accessories? This is impacting my work significantly.,Product inquiry,High
"Want to cancel my subscription. Please cancel the order I placed yesterday before it ships. Completely unusable, need this fixed today.",Cancellation request,Critical
"Cannot log into my account. The product suddenly stopped responding to any input. Not blocking anything major, just want it addressed.",Technical issue,Medium
"Warranty coverage details. Can you tell me if this product is compatible with my setup? Low priority, just flagging for future reference.",Product inquiry,Low
"Wrong amount charged. The payment I made isn't showing up in my billing history. Not blocking anything major, just want it addressed.",Billing inquiry,Medium
Billing cycle confusion. Can you explain the charge on my account from last week? This is impacting my work significantly.,Billing inquiry,High
Available colors and sizes. Does the warranty cover accidental damage? I need this resolved within the next day or two.,Product inquiry,High
Product not as described. Can you tell me the status of my refund request? This is a critical issue affecting my business immediately.,Refund request,Critical
"Bluetooth connection issue. The app crashes every time I try to open the settings page. This can wait, just curious about something.",Technical issue,Low
"Want my money back. I want to return this item and get a full refund. Completely unusable, need this fixed today.",Refund request,Critical
Cancel auto-renewal. I'd like to terminate my account and delete my data. This isn't urgent but I'd appreciate a response this week.,Cancellation request,Medium
Is this in stock. I'm curious about the battery life and expected performance. This isn't urgent but I'd appreciate a response this week.,Product inquiry,Medium
App keeps crashing. Bluetooth pairing fails every single time I attempt it. I need this resolved within the next day or two.,Technical issue,High
"Requesting a refund. The item arrived damaged and I want my money back. Emergency situation, please respond ASAP.",Refund request,Critical
Subscription price increased. I was charged $9.99 but my plan should cost $120.50. This is a critical issue affecting my business immediately.,Billing inquiry,Critical
"Warranty coverage details. Does this product work with third-party accessories? This can wait, just curious about something.",Product inquiry,Low
"Available colors and sizes. Is this item currently in stock and ready to ship? No rush at all, just a minor question.",Product inquiry,Low
Product not as described. This product isn't what was described on the website. I need this resolved within the next day or two.,Refund request,High
Item arrived damaged. The item arrived damaged and I want my money back. Please take a look when convenient.,Refund request,Medium
"Wrong amount charged. The payment I made isn't showing up in my billing history. Low priority, just flagging for future reference.",Billing inquiry,Low
Need invoice copy. My invoice this month shows an extra charge I don't recognize. I need this resolved within the next day or two.,Billing inquiry,High
"Item arrived damaged. Please refund me since the product doesn't work as advertised. Low priority, just flagging for future reference.",Refund request,Low
"Question about my invoice. I noticed a duplicate charge on my credit card statement. Emergency situation, please respond ASAP.",Billing inquiry,Critical
"Question about my invoice. Can you explain the charge on my account from last week? Low priority, just flagging for future reference.",Billing inquiry,Low
"Stop my membership. Please cancel the order I placed yesterday before it ships. Emergency situation, please respond ASAP.",Cancellation request,Critical
"Bluetooth connection issue. The product suddenly stopped responding to any input. Just a small thing, not important.",Technical issue,Low
"Available colors and sizes. Does the warranty cover accidental damage? Low priority, just flagging for future reference.",Product inquiry,Low
"Sync not working. I can't log in even after resetting my password. Just a small thing, not important.",Technical issue,Low
"Software update failed. I keep getting an error code when I start the program. Low priority, just flagging for future reference.",Technical issue,Low
Refund status update. I'm not satisfied with this purchase and want a refund. This is fairly urgent and needs attention soon.,Refund request,High
"Cannot log into my account. My device won't turn on no matter what I try. Just a small thing, not important.",Technical issue,Low
"Stop my membership. Please cancel the order I placed yesterday before it ships. This can wait, just curious about something.",Cancellation request,Low
"App keeps crashing. The product suddenly stopped responding to any input. This is extremely urgent, I need help right now.",Technical issue,Critical
Error message on startup. I keep getting an error code when I start the program. Please take a look when convenient.,Technical issue,Medium
"Refund on my bill. I was charged $75.00 but my plan should cost $19.00. Emergency situation, please respond ASAP.",Billing inquiry,Critical
Refund status update. Please refund me since the product doesn't work as advertised. I need this resolved within the next day or two.,Refund request,High
"Sync not working. I can't log in even after resetting my password. Completely unusable, need this fixed today.",Technical issue,Critical
"Bluetooth connection issue. Bluetooth pairing fails every single time I attempt it. Please prioritize this, it's important.",Technical issue,High
"Want my money back. Can you tell me the status of my refund request? No rush at all, just a minor question.",Refund request,Low
"Cannot log into my account. My device won't turn on no matter what I try. No rush at all, just a minor question.",Technical issue,Low
"Refund status update. I'm not satisfied with this purchase and want a refund. Completely unusable, need this fixed today.",Refund request,Critical
"Please cancel my order. I no longer need this service and want to end my plan. This is extremely urgent, I need help right now.",Cancellation request,Critical
"Payment not reflecting. The billing statement doesn't match what I signed up for. This can wait, just curious about something.",Billing inquiry,Low
"Product specifications. Can you tell me if this product is compatible with my setup? Completely unusable, need this fixed today.",Product inquiry,Critical
"Does this support my device. Does the warranty cover accidental damage? Not blocking anything major, just want it addressed.",Product inquiry,Medium
"Product not as described. The item arrived damaged and I want my money back. Completely unusable, need this fixed today.",Refund request,Critical
"Refund on my bill. Can you explain the charge on my account from last week? Completely unusable, need this fixed today.",Billing inquiry,Critical
"Warranty coverage details. Does this product work with third-party accessories? No rush at all, just a minor question.",Product inquiry,Low
"Refund on my bill. My invoice this month shows an extra charge I don't recognize. This can wait, just curious about something.",Billing inquiry,Low
"App keeps crashing. Data isn't syncing between my phone and the app. No rush at all, just a minor question.",Technical issue,Low
"Comparing two models. I'd like more details on the specifications before buying. Emergency situation, please respond ASAP.",Product inquiry,Critical
Refund status update. This product isn't what was described on the website. Please take a look when convenient.,Refund request,Medium
"End my service plan. Turn off auto-renewal on my account starting next cycle. Completely unusable, need this fixed today.",Cancellation request,Critical
"Wrong amount charged. My subscription fee went up without any notice. Completely unusable, need this fixed today.",Billing inquiry,Critical
Unsubscribe from service. I would like to cancel my subscription effective immediately. This isn't urgent but I'd appreciate a response this week.,Cancellation request,Medium
"Unhappy with purchase. I'd like to request a refund for my recent order. Not blocking anything major, just want it addressed.",Refund request,Medium
Warranty coverage details. Can you tell me if this product is compatible with my setup? This is fairly urgent and needs attention soon.,Product inquiry,High
"Sync not working. My device won't turn on no matter what I try. Not blocking anything major, just want it addressed.",Technical issue,Medium
"Return and refund. My order was cancelled but I haven't received a refund yet. Low priority, just flagging for future reference.",Refund request,Low
Product stopped responding. My device won't turn on no matter what I try. I need this resolved within the next day or two.,Technical issue,High
Stop my membership. I want to stop my membership and not be charged again. This is fairly urgent and needs attention soon.,Cancellation request,High
"Error message on startup. My device won't turn on no matter what I try. Low priority, just flagging for future reference.",Technical issue,Low
"Cancel auto-renewal. Turn off auto-renewal on my account starting next cycle. Completely unusable, need this fixed today.",Cancellation request,Critical
"Need invoice copy. I need a copy of my invoice for accounting purposes. This is extremely urgent, I need help right now.",Billing inquiry,Critical
Does this support my device. What colors and sizes does this item come in? Please take a look when convenient.,Product inquiry,Medium
"Compatibility question. What colors and sizes does this item come in? Not blocking anything major, just want it addressed.",Product inquiry,Medium
"End my service plan. Please cancel the order I placed yesterday before it ships. Just a small thing, not important.",Cancellation request,Low
"Want to cancel my subscription. I want to stop my membership and not be charged again. This is extremely urgent, I need help right now.",Cancellation request,Critical
"End my service plan. Please process a cancellation for my recent purchase. Not blocking anything major, just want it addressed.",Cancellation request,Medium
"Need invoice copy. The billing statement doesn't match what I signed up for. Just a small thing, not important.",Billing inquiry,Low
"Payment not reflecting. I was charged $75.00 but my plan should cost $120.50. No rush at all, just a minor question.",Billing inquiry,Low
Cannot log into my account. Bluetooth pairing fails every single time I attempt it. This isn't urgent but I'd appreciate a response this week.,Technical issue,Medium
"Stop my membership. I no longer need this service and want to end my plan. This is extremely urgent, I need help right now.",Cancellation request,Critical
"Subscription price increased. I need a copy of my invoice for accounting purposes. This can wait, just curious about something.",Billing inquiry,Low
"Subscription price increased. I need a copy of my invoice for accounting purposes. Low priority, just flagging for future reference.",Billing inquiry,Low
Billing cycle confusion. I need a copy of my invoice for accounting purposes. This isn't urgent but I'd appreciate a response this week.,Billing inquiry,Medium
"Product not as described. This product isn't what was described on the website. This can wait, just curious about something.",Refund request,Low
Sync not working. Bluetooth pairing fails every single time I attempt it. This is impacting my work significantly.,Technical issue,High
"Unsubscribe from service. Unsubscribe me from this service going forward. No rush at all, just a minor question.",Cancellation request,Low
Device not turning on. The software update keeps failing at 90 percent. Please take a look when convenient.,Technical issue,Medium
Payment not reflecting. The payment I made isn't showing up in my billing history. I need this resolved within the next day or two.,Billing inquiry,High
"Available colors and sizes. Is this item currently in stock and ready to ship? Low priority, just flagging for future reference.",Product inquiry,Low
"Refund on my bill. Can you explain the charge on my account from last week? Emergency situation, please respond ASAP.",Billing inquiry,Critical
Cannot log into my account. Bluetooth pairing fails every single time I attempt it. This isn't urgent but I'd appreciate a response this week.,Technical issue,Medium
"Unsubscribe from service. I no longer need this service and want to end my plan. Whenever you get a chance, please look into this.",Cancellation request,Medium
"Product not as described. Can you tell me the status of my refund request? Completely unusable, need this fixed today.",Refund request,Critical
"Cancel recent purchase. Turn off auto-renewal on my account starting next cycle. Emergency situation, please respond ASAP.",Cancellation request,Critical
Does this support my device. Does the warranty cover accidental damage? This isn't urgent but I'd appreciate a response this week.,Product inquiry,Medium
"Item arrived damaged. This product isn't what was described on the website. Whenever you get a chance, please look into this.",Refund request,Medium
"Question about my invoice. I noticed a duplicate charge on my credit card statement. No rush at all, just a minor question.",Billing inquiry,Low
Subscription price increased. The billing statement doesn't match what I signed up for. This is fairly urgent and needs attention soon.,Billing inquiry,High
Please cancel my order. Turn off auto-renewal on my account starting next cycle. Please take a look when convenient.,Cancellation request,Medium
"Warranty coverage details. What colors and sizes does this item come in? Please prioritize this, it's important.",Product inquiry,High
"Terminate my account. Please cancel the order I placed yesterday before it ships. Just a small thing, not important.",Cancellation request,Low
"Software update failed. The app crashes every time I try to open the settings page. This can wait, just curious about something.",Technical issue,Low
"Unsubscribe from service. Unsubscribe me from this service going forward. This can wait, just curious about something.",Cancellation request,Low
"Refund status update. The item arrived damaged and I want my money back. No rush at all, just a minor question.",Refund request,Low
"Question about my invoice. I was charged $19.00 but my plan should cost $120.50. Just a small thing, not important.",Billing inquiry,Low
"Device not turning on. Bluetooth pairing fails every single time I attempt it. This is extremely urgent, I need help right now.",Technical issue,Critical
"Comparing two models. Does the warranty cover accidental damage? Low priority, just flagging for future reference.",Product inquiry,Low
"Cancel recent purchase. I would like to cancel my subscription effective immediately. Low priority, just flagging for future reference.",Cancellation request,Low
"Need invoice copy. I noticed a duplicate charge on my credit card statement. This can wait, just curious about something.",Billing inquiry,Low
"Unhappy with purchase. This product isn't what was described on the website. Emergency situation, please respond ASAP.",Refund request,Critical
"Is this in stock. What's the difference between the two models you offer? This can wait, just curious about something.",Product inquiry,Low
Terminate my account. I would like to cancel my subscription effective immediately. I need this resolved within the next day or two.,Cancellation request,High
Please cancel my order. Unsubscribe me from this service going forward. This is fairly urgent and needs attention soon.,Cancellation request,High
Compatibility question. Is this item currently in stock and ready to ship? This isn't urgent but I'd appreciate a response this week.,Product inquiry,Medium
Product stopped responding. Data isn't syncing between my phone and the app. This isn't urgent but I'd appreciate a response this week.,Technical issue,Medium
Charged twice this month. I need a copy of my invoice for accounting purposes. This is impacting my work significantly.,Billing inquiry,High
"Want to cancel my subscription. Please process a cancellation for my recent purchase. Just a small thing, not important.",Cancellation request,Low
"Terminate my account. I'd like to terminate my account and delete my data. Just a small thing, not important.",Cancellation request,Low
"Wrong amount charged. Can you explain the charge on my account from last week? Please prioritize this, it's important.",Billing inquiry,High
Warranty coverage details. What colors and sizes does this item come in? I need this resolved within the next day or two.,Product inquiry,High
Sync not working. I can't log in even after resetting my password. This is impacting my work significantly.,Technical issue,High
"Payment not reflecting. Can you explain the charge on my account from last week? No rush at all, just a minor question.",Billing inquiry,Low
"Return and refund. I'd like to request a refund for my recent order. Emergency situation, please respond ASAP.",Refund request,Critical
Unsubscribe from service. Please cancel the order I placed yesterday before it ships. Please take a look when convenient.,Cancellation request,Medium
"Item arrived damaged. I want to return this item and get a full refund. Not blocking anything major, just want it addressed.",Refund request,Medium
"Available colors and sizes. What colors and sizes does this item come in? No rush at all, just a minor question.",Product inquiry,Low
"Does this support my device. What's the difference between the two models you offer? Please prioritize this, it's important.",Product inquiry,High
"Available colors and sizes. I'm curious about the battery life and expected performance. No rush at all, just a minor question.",Product inquiry,Low
"Product specifications. I'd like more details on the specifications before buying. Completely unusable, need this fixed today.",Product inquiry,Critical
Requesting a refund. Can you tell me the status of my refund request? This is a critical issue affecting my business immediately.,Refund request,Critical
Refund on my bill. I noticed a duplicate charge on my credit card statement. This is impacting my work significantly.,Billing inquiry,High
Sync not working. Data isn't syncing between my phone and the app. I need this resolved within the next day or two.,Technical issue,High
Return and refund. Can you tell me the status of my refund request? This is fairly urgent and needs attention soon.,Refund request,High
"Refund on my bill. Can you explain the charge on my account from last week? Whenever you get a chance, please look into this.",Billing inquiry,Medium
Need invoice copy. The payment I made isn't showing up in my billing history. I need this resolved within the next day or two.,Billing inquiry,High
Item arrived damaged. I'm not satisfied with this purchase and want a refund. This isn't urgent but I'd appreciate a response this week.,Refund request,Medium
"Bluetooth connection issue. The app crashes every time I try to open the settings page. Not blocking anything major, just want it addressed.",Technical issue,Medium
"Question about product features. Is this item currently in stock and ready to ship? Please prioritize this, it's important.",Product inquiry,High
Sync not working. The product suddenly stopped responding to any input. This is fairly urgent and needs attention soon.,Technical issue,High
"Return and refund. Please refund me since the product doesn't work as advertised. Just a small thing, not important.",Refund request,Low
"Refund status update. The item arrived damaged and I want my money back. Just a small thing, not important.",Refund request,Low
Device not turning on. The app crashes every time I try to open the settings page. This is impacting my work significantly.,Technical issue,High
"Want to cancel my subscription. Unsubscribe me from this service going forward. No rush at all, just a minor question.",Cancellation request,Low
"Question about product features. What colors and sizes does this item come in? Please prioritize this, it's important.",Product inquiry,High
"Unhappy with purchase. The item arrived damaged and I want my money back. This can wait, just curious about something.",Refund request,Low
Refund for cancelled order. Please refund me since the product doesn't work as advertised. This is impacting my work significantly.,Refund request,High
Stop my membership. Please cancel the order I placed yesterday before it ships. This is fairly urgent and needs attention soon.,Cancellation request,High
End my service plan. I'd like to terminate my account and delete my data. I need this resolved within the next day or two.,Cancellation request,High
"Payment not reflecting. The billing statement doesn't match what I signed up for. Low priority, just flagging for future reference.",Billing inquiry,Low
Item arrived damaged. I'm not satisfied with this purchase and want a refund. This is a critical issue affecting my business immediately.,Refund request,Critical
"Billing cycle confusion. My subscription fee went up without any notice. Whenever you get a chance, please look into this.",Billing inquiry,Medium
"End my service plan. Please process a cancellation for my recent purchase. Whenever you get a chance, please look into this.",Cancellation request,Medium
End my service plan. I would like to cancel my subscription effective immediately. I need this resolved within the next day or two.,Cancellation request,High
"Refund status update. The item arrived damaged and I want my money back. Not blocking anything major, just want it addressed.",Refund request,Medium
"Want my money back. The item arrived damaged and I want my money back. Please prioritize this, it's important.",Refund request,High
Charged twice this month. Can you explain the charge on my account from last week? This isn't urgent but I'd appreciate a response this week.,Billing inquiry,Medium
"Product stopped responding. My device won't turn on no matter what I try. This is extremely urgent, I need help right now.",Technical issue,Critical
Subscription price increased. I was charged $19.00 but my plan should cost $120.50. This isn't urgent but I'd appreciate a response this week.,Billing inquiry,Medium
"Charged twice this month. I need a copy of my invoice for accounting purposes. Completely unusable, need this fixed today.",Billing inquiry,Critical
Billing cycle confusion. My subscription fee went up without any notice. This is a critical issue affecting my business immediately.,Billing inquiry,Critical
"Is this in stock. Does this product work with third-party accessories? Not blocking anything major, just want it addressed.",Product inquiry,Medium
"Want to cancel my subscription. I want to stop my membership and not be charged again. No rush at all, just a minor question.",Cancellation request,Low
"Compatibility question. I'd like more details on the specifications before buying. Just a small thing, not important.",Product inquiry,Low
"Cannot log into my account. Data isn't syncing between my phone and the app. Please prioritize this, it's important.",Technical issue,High
"Software update failed. I can't log in even after resetting my password. Emergency situation, please respond ASAP.",Technical issue,Critical
Product stopped responding. Bluetooth pairing fails every single time I attempt it. This is fairly urgent and needs attention soon.,Technical issue,High
"Bluetooth connection issue. The product suddenly stopped responding to any input. No rush at all, just a minor question.",Technical issue,Low
Return and refund. This product isn't what was described on the website. This is impacting my work significantly.,Refund request,High
Available colors and sizes. Does the warranty cover accidental damage? This is fairly urgent and needs attention soon.,Product inquiry,High
End my service plan. Turn off auto-renewal on my account starting next cycle. This is impacting my work significantly.,Cancellation request,High
"Refund for cancelled order. My order was cancelled but I haven't received a refund yet. Not blocking anything major, just want it addressed.",Refund request,Medium
"Cannot log into my account. I can't log in even after resetting my password. Low priority, just flagging for future reference.",Technical issue,Low
"Product stopped responding. I can't log in even after resetting my password. Emergency situation, please respond ASAP.",Technical issue,Critical
Refund on my bill. The billing statement doesn't match what I signed up for. This is fairly urgent and needs attention soon.,Billing inquiry,High
Is this in stock. Does the warranty cover accidental damage? This is fairly urgent and needs attention soon.,Product inquiry,High
"Cannot log into my account. My device won't turn on no matter what I try. Just a small thing, not important.",Technical issue,Low
"Return and refund. The item arrived damaged and I want my money back. Emergency situation, please respond ASAP.",Refund request,Critical
Want to cancel my subscription. I would like to cancel my subscription effective immediately. Please take a look when convenient.,Cancellation request,Medium
"Is this in stock. Does this product work with third-party accessories? Completely unusable, need this fixed today.",Product inquiry,Critical
Cancel recent purchase. I want to stop my membership and not be charged again. This is impacting my work significantly.,Cancellation request,High
"Charged twice this month. I was charged $19.00 but my plan should cost $9.99. No rush at all, just a minor question.",Billing inquiry,Low
"Charged twice this month. The payment I made isn't showing up in my billing history. Emergency situation, please respond ASAP.",Billing inquiry,Critical
"Item arrived damaged. Can you tell me the status of my refund request? Completely unusable, need this fixed today.",Refund request,Critical
Payment not reflecting. I need a copy of my invoice for accounting purposes. This is fairly urgent and needs attention soon.,Billing inquiry,High
Cancel recent purchase. I'd like to terminate my account and delete my data. I need this resolved within the next day or two.,Cancellation request,High
"Software update failed. The product suddenly stopped responding to any input. Just a small thing, not important.",Technical issue,Low
"Sync not working. Data isn't syncing between my phone and the app. Just a small thing, not important.",Technical issue,Low
Product not as described. The item arrived damaged and I want my money back. This is impacting my work significantly.,Refund request,High
"Terminate my account. I'd like to terminate my account and delete my data. Whenever you get a chance, please look into this.",Cancellation request,Medium
"Cannot log into my account. Bluetooth pairing fails every single time I attempt it. Not blocking anything major, just want it addressed.",Technical issue,Medium
"Question about product features. Does the warranty cover accidental damage? Just a small thing, not important.",Product inquiry,Low
"Product not as described. I'd like to request a refund for my recent order. This can wait, just curious about something.",Refund request,Low
Refund on my bill. I was charged $75.00 but my plan should cost $75.00. I need this resolved within the next day or two.,Billing inquiry,High
"Question about product features. Is this item currently in stock and ready to ship? No rush at all, just a minor question.",Product inquiry,Low
Is this in stock. What's the difference between the two models you offer? This is a critical issue affecting my business immediately.,Product inquiry,Critical
"Cannot log into my account. The app crashes every time I try to open the settings page. Not blocking anything major, just want it addressed.",Technical issue,Medium
Available colors and sizes. I'm curious about the battery life and expected performance. I need this resolved within the next day or two.,Product inquiry,High
Available colors and sizes. What's the difference between the two models you offer? This is impacting my work significantly.,Product inquiry,High
Product stopped responding. Bluetooth pairing fails every single time I attempt it. This is a critical issue affecting my business immediately.,Technical issue,Critical
Comparing two models. What's the difference between the two models you offer? This is impacting my work significantly.,Product inquiry,High
"Want my money back. The item arrived damaged and I want my money back. Please prioritize this, it's important.",Refund request,High
"End my service plan. I want to stop my membership and not be charged again. Whenever you get a chance, please look into this.",Cancellation request,Medium
Want to cancel my subscription. Please process a cancellation for my recent purchase. This is fairly urgent and needs attention soon.,Cancellation request,High
"Requesting a refund. Can you tell me the status of my refund request? Please prioritize this, it's important.",Refund request,High
"Charged twice this month. I noticed a duplicate charge on my credit card statement. Whenever you get a chance, please look into this.",Billing inquiry,Medium
"Cancel auto-renewal. I want to stop my membership and not be charged again. Please prioritize this, it's important.",Cancellation request,High
"Please cancel my order. I would like to cancel my subscription effective immediately. Just a small thing, not important.",Cancellation request,Low
"Unsubscribe from service. Unsubscribe me from this service going forward. No rush at all, just a minor question.",Cancellation request,Low
"Subscription price increased. My invoice this month shows an extra charge I don't recognize. Low priority, just flagging for future reference.",Billing inquiry,Low
"Return and refund. The item arrived damaged and I want my money back. Low priority, just flagging for future reference.",Refund request,Low
"Software update failed. I can't log in even after resetting my password. Please prioritize this, it's important.",Technical issue,High
"Refund for cancelled order. The item arrived damaged and I want my money back. This is extremely urgent, I need help right now.",Refund request,Critical
Product not as described. The item arrived damaged and I want my money back. This is impacting my work significantly.,Refund request,High
"Software update failed. The product suddenly stopped responding to any input. Completely unusable, need this fixed today.",Technical issue,Critical
"Comparing two models. Can you tell me if this product is compatible with my setup? Emergency situation, please respond ASAP.",Product inquiry,Critical
Does this support my device. What colors and sizes does this item come in? This is a critical issue affecting my business immediately.,Product inquiry,Critical
"Cancel recent purchase. Turn off auto-renewal on my account starting next cycle. This can wait, just curious about something.",Cancellation request,Low
"Comparing two models. Does the warranty cover accidental damage? Please prioritize this, it's important.",Product inquiry,High
"App keeps crashing. The software update keeps failing at 90 percent. This can wait, just curious about something.",Technical issue,Low
"Terminate my account. I want to stop my membership and not be charged again. Low priority, just flagging for future reference.",Cancellation request,Low
Requesting a refund. I'd like to request a refund for my recent order. This isn't urgent but I'd appreciate a response this week.,Refund request,Medium
"Question about my invoice. My subscription fee went up without any notice. This can wait, just curious about something.",Billing inquiry,Low
"Item arrived damaged. This product isn't what was described on the website. No rush at all, just a minor question.",Refund request,Low
"App keeps crashing. My device won't turn on no matter what I try. Completely unusable, need this fixed today.",Technical issue,Critical
Question about product features. I'm curious about the battery life and expected performance. This is impacting my work significantly.,Product inquiry,High
Please cancel my order. Please cancel the order I placed yesterday before it ships. This is fairly urgent and needs attention soon.,Cancellation request,High
"Please cancel my order. I no longer need this service and want to end my plan. Not blocking anything major, just want it addressed.",Cancellation request,Medium
"Cannot log into my account. The software update keeps failing at 90 percent. Please prioritize this, it's important.",Technical issue,High
"Unhappy with purchase. The item arrived damaged and I want my money back. This can wait, just curious about something.",Refund request,Low
"Error message on startup. I can't log in even after resetting my password. Low priority, just flagging for future reference.",Technical issue,Low
"Subscription price increased. I noticed a duplicate charge on my credit card statement. Completely unusable, need this fixed today.",Billing inquiry,Critical
"Subscription price increased. I need a copy of my invoice for accounting purposes. Whenever you get a chance, please look into this.",Billing inquiry,Medium
Refund on my bill. My subscription fee went up without any notice. Please take a look when convenient.,Billing inquiry,Medium
Bluetooth connection issue. The app crashes every time I try to open the settings page. This is fairly urgent and needs attention soon.,Technical issue,High
"App keeps crashing. Data isn't syncing between my phone and the app. This is extremely urgent, I need help right now.",Technical issue,Critical
Cancel auto-renewal. I no longer need this service and want to end my plan. This is a critical issue affecting my business immediately.,Cancellation request,Critical
Warranty coverage details. What colors and sizes does this item come in? I need this resolved within the next day or two.,Product inquiry,High
Terminate my account. I'd like to terminate my account and delete my data. This is a critical issue affecting my business immediately.,Cancellation request,Critical
Software update failed. The product suddenly stopped responding to any input. This isn't urgent but I'd appreciate a response this week.,Technical issue,Medium
End my service plan. Please process a cancellation for my recent purchase. This is a critical issue affecting my business immediately.,Cancellation request,Critical
"Available colors and sizes. I'd like more details on the specifications before buying. Just a small thing, not important.",Product inquiry,Low
"Question about my invoice. The billing statement doesn't match what I signed up for. Not blocking anything major, just want it addressed.",Billing inquiry,Medium
"Warranty coverage details. Does this product work with third-party accessories? No rush at all, just a minor question.",Product inquiry,Low
"Want my money back. My order was cancelled but I haven't received a refund yet. This can wait, just curious about something.",Refund request,Low
Error message on startup. I keep getting an error code when I start the program. This is fairly urgent and needs attention soon.,Technical issue,High
"Bluetooth connection issue. I can't log in even after resetting my password. Completely unusable, need this fixed today.",Technical issue,Critical
"Sync not working. I can't log in even after resetting my password. Please prioritize this, it's important.",Technical issue,High
"Return and refund. This product isn't what was described on the website. This can wait, just curious about something.",Refund request,Low
Cancel auto-renewal. Unsubscribe me from this service going forward. This isn't urgent but I'd appreciate a response this week.,Cancellation request,Medium
"Available colors and sizes. What's the difference between the two models you offer? Completely unusable, need this fixed today.",Product inquiry,Critical
Question about product features. I'd like more details on the specifications before buying. This isn't urgent but I'd appreciate a response this week.,Product inquiry,Medium
App keeps crashing. I keep getting an error code when I start the program. I need this resolved within the next day or two.,Technical issue,High
Want my money back. Can you tell me the status of my refund request? This isn't urgent but I'd appreciate a response this week.,Refund request,Medium
"Refund on my bill. My subscription fee went up without any notice. This can wait, just curious about something.",Billing inquiry,Low
"Wrong amount charged. The billing statement doesn't match what I signed up for. Please prioritize this, it's important.",Billing inquiry,High
"Warranty coverage details. Is this item currently in stock and ready to ship? Completely unusable, need this fixed today.",Product inquiry,Critical
"Software update failed. The app crashes every time I try to open the settings page. Low priority, just flagging for future reference.",Technical issue,Low
"Comparing two models. What's the difference between the two models you offer? This can wait, just curious about something.",Product inquiry,Low
"Wrong amount charged. My subscription fee went up without any notice. Whenever you get a chance, please look into this.",Billing inquiry,Medium
"Wrong amount charged. The billing statement doesn't match what I signed up for. Just a small thing, not important.",Billing inquiry,Low
"Refund on my bill. My invoice this month shows an extra charge I don't recognize. Completely unusable, need this fixed today.",Billing inquiry,Critical
"Product specifications. Does this product work with third-party accessories? This can wait, just curious about something.",Product inquiry,Low
"Software update failed. The app crashes every time I try to open the settings page. Whenever you get a chance, please look into this.",Technical issue,Medium
"Wrong amount charged. Can you explain the charge on my account from last week? Completely unusable, need this fixed today.",Billing inquiry,Critical
"Stop my membership. I want to stop my membership and not be charged again. No rush at all, just a minor question.",Cancellation request,Low
Payment not reflecting. I need a copy of my invoice for accounting purposes. Please take a look when convenient.,Billing inquiry,Medium
"Product specifications. Is this item currently in stock and ready to ship? No rush at all, just a minor question.",Product inquiry,Low
Requesting a refund. Please refund me since the product doesn't work as advertised. This is impacting my work significantly.,Refund request,High
"Warranty coverage details. Can you tell me if this product is compatible with my setup? Just a small thing, not important.",Product inquiry,Low
Comparing two models. Does the warranty cover accidental damage? Please take a look when convenient.,Product inquiry,Medium
Want to cancel my subscription. Turn off auto-renewal on my account starting next cycle. This is fairly urgent and needs attention soon.,Cancellation request,High
Please cancel my order. Please process a cancellation for my recent purchase. I need this resolved within the next day or two.,Cancellation request,High
"Item arrived damaged. Can you tell me the status of my refund request? This can wait, just curious about something.",Refund request,Low
Cancel auto-renewal. I no longer need this service and want to end my plan. This isn't urgent but I'd appreciate a response this week.,Cancellation request,Medium
"Product not as described. I'd like to request a refund for my recent order. Whenever you get a chance, please look into this.",Refund request,Medium
"Refund on my bill. My invoice this month shows an extra charge I don't recognize. Low priority, just flagging for future reference.",Billing inquiry,Low
"Product specifications. Does the warranty cover accidental damage? Please prioritize this, it's important.",Product inquiry,High
Error message on startup. The product suddenly stopped responding to any input. This is impacting my work significantly.,Technical issue,High
"Product specifications. I'm curious about the battery life and expected performance. This can wait, just curious about something.",Product inquiry,Low
"End my service plan. Please process a cancellation for my recent purchase. Not blocking anything major, just want it addressed.",Cancellation request,Medium
Cannot log into my account. Data isn't syncing between my phone and the app. I need this resolved within the next day or two.,Technical issue,High
"Software update failed. I keep getting an error code when I start the program. This can wait, just curious about something.",Technical issue,Low
Unsubscribe from service. I want to stop my membership and not be charged again. Please take a look when convenient.,Cancellation request,Medium
"Please cancel my order. I want to stop my membership and not be charged again. Just a small thing, not important.",Cancellation request,Low
Cancel auto-renewal. I'd like to terminate my account and delete my data. I need this resolved within the next day or two.,Cancellation request,High
"Device not turning on. The app crashes every time I try to open the settings page. Low priority, just flagging for future reference.",Technical issue,Low
Cannot log into my account. The software update keeps failing at 90 percent. Please take a look when convenient.,Technical issue,Medium
"App keeps crashing. I can't log in even after resetting my password. Please prioritize this, it's important.",Technical issue,High
Is this in stock. What's the difference between the two models you offer? Please take a look when convenient.,Product inquiry,Medium
End my service plan. Please cancel the order I placed yesterday before it ships. I need this resolved within the next day or two.,Cancellation request,High
"Unsubscribe from service. I no longer need this service and want to end my plan. Low priority, just flagging for future reference.",Cancellation request,Low
"Unhappy with purchase. I'd like to request a refund for my recent order. This is extremely urgent, I need help right now.",Refund request,Critical
"Available colors and sizes. I'd like more details on the specifications before buying. Low priority, just flagging for future reference.",Product inquiry,Low
Unsubscribe from service. I want to stop my membership and not be charged again. Please take a look when convenient.,Cancellation request,Medium
Unhappy with purchase. Can you tell me the status of my refund request? I need this resolved within the next day or two.,Refund request,High
End my service plan. Please process a cancellation for my recent purchase. Please take a look when convenient.,Cancellation request,Medium
"App keeps crashing. The product suddenly stopped responding to any input. This can wait, just curious about something.",Technical issue,Low
"Bluetooth connection issue. Data isn't syncing between my phone and the app. No rush at all, just a minor question.",Technical issue,Low
"Bluetooth connection issue. I keep getting an error code when I start the program. No rush at all, just a minor question.",Technical issue,Low
"Billing cycle confusion. I was charged $19.00 but my plan should cost $9.99. This can wait, just curious about something.",Billing inquiry,Low
"Subscription price increased. I need a copy of my invoice for accounting purposes. Emergency situation, please respond ASAP.",Billing inquiry,Critical
"Please cancel my order. I want to stop my membership and not be charged again. Not blocking anything major, just want it addressed.",Cancellation request,Medium
Product not as described. Can you tell me the status of my refund request? This is impacting my work significantly.,Refund request,High
"Device not turning on. Data isn't syncing between my phone and the app. No rush at all, just a minor question.",Technical issue,Low
"Payment not reflecting. Can you explain the charge on my account from last week? Completely unusable, need this fixed today.",Billing inquiry,Critical
"Device not turning on. My device won't turn on no matter what I try. Completely unusable, need this fixed today.",Technical issue,Critical
"Product specifications. Does the warranty cover accidental damage? Emergency situation, please respond ASAP.",Product inquiry,Critical
"Subscription price increased. I was charged $49.99 but my plan should cost $9.99. Whenever you get a chance, please look into this.",Billing inquiry,Medium
Refund on my bill. My invoice this month shows an extra charge I don't recognize. This is a critical issue affecting my business immediately.,Billing inquiry,Critical
"End my service plan. I would like to cancel my subscription effective immediately. Emergency situation, please respond ASAP.",Cancellation request,Critical
Item arrived damaged. The item arrived damaged and I want my money back. This is a critical issue affecting my business immediately.,Refund request,Critical
Error message on startup. Data isn't syncing between my phone and the app. This is a critical issue affecting my business immediately.,Technical issue,Critical
Error message on startup. The software update keeps failing at 90 percent. This is a critical issue affecting my business immediately.,Technical issue,Critical
Product specifications. What colors and sizes does this item come in? This is fairly urgent and needs attention soon.,Product inquiry,High
"Refund on my bill. I was charged $120.50 but my plan should cost $120.50. Emergency situation, please respond ASAP.",Billing inquiry,Critical
"Wrong amount charged. My subscription fee went up without any notice. Please prioritize this, it's important.",Billing inquiry,High
Unsubscribe from service. I would like to cancel my subscription effective immediately. This is fairly urgent and needs attention soon.,Cancellation request,High
Payment not reflecting. I was charged $75.00 but my plan should cost $49.99. This is fairly urgent and needs attention soon.,Billing inquiry,High
"Compatibility question. Does this product work with third-party accessories? This is extremely urgent, I need help right now.",Product inquiry,Critical
"Charged twice this month. I need a copy of my invoice for accounting purposes. No rush at all, just a minor question.",Billing inquiry,Low
"Does this support my device. Can you tell me if this product is compatible with my setup? Just a small thing, not important.",Product inquiry,Low
"Refund for cancelled order. I want to return this item and get a full refund. This can wait, just curious about something.",Refund request,Low
Does this support my device. I'm curious about the battery life and expected performance. This isn't urgent but I'd appreciate a response this week.,Product inquiry,Medium
"End my service plan. I would like to cancel my subscription effective immediately. No rush at all, just a minor question.",Cancellation request,Low
"End my service plan. I'd like to terminate my account and delete my data. Not blocking anything major, just want it addressed.",Cancellation request,Medium
Cancel recent purchase. Unsubscribe me from this service going forward. This is a critical issue affecting my business immediately.,Cancellation request,Critical
"Cancel recent purchase. I'd like to terminate my account and delete my data. This can wait, just curious about something.",Cancellation request,Low
"Error message on startup. My device won't turn on no matter what I try. Just a small thing, not important.",Technical issue,Low
Bluetooth connection issue. My device won't turn on no matter what I try. This isn't urgent but I'd appreciate a response this week.,Technical issue,Medium
"Question about product features. I'd like more details on the specifications before buying. Please prioritize this, it's important.",Product inquiry,High
"Item arrived damaged. Can you tell me the status of my refund request? This is extremely urgent, I need help right now.",Refund request,Critical
"Refund for cancelled order. Please refund me since the product doesn't work as advertised. Just a small thing, not important.",Refund request,Low
Subscription price increased. I noticed a duplicate charge on my credit card statement. This is fairly urgent and needs attention soon.,Billing inquiry,High
"Want my money back. My order was cancelled but I haven't received a refund yet. Not blocking anything major, just want it addressed.",Refund request,Medium
"Payment not reflecting. I need a copy of my invoice for accounting purposes. Low priority, just flagging for future reference.",Billing inquiry,Low
"Cancel auto-renewal. Please cancel the order I placed yesterday before it ships. Just a small thing, not important.",Cancellation request,Low
"Want my money back. My order was cancelled but I haven't received a refund yet. This can wait, just curious about something.",Refund request,Low
Refund for cancelled order. My order was cancelled but I haven't received a refund yet. This is a critical issue affecting my business immediately.,Refund request,Critical
"Error message on startup. I can't log in even after resetting my password. Completely unusable, need this fixed today.",Technical issue,Critical
Return and refund. Can you tell me the status of my refund request? This is impacting my work significantly.,Refund request,High
"Please cancel my order. I want to stop my membership and not be charged again. Not blocking anything major, just want it addressed.",Cancellation request,Medium
"Product specifications. What colors and sizes does this item come in? Completely unusable, need this fixed today.",Product inquiry,Critical
"Software update failed. The app crashes every time I try to open the settings page. Not blocking anything major, just want it addressed.",Technical issue,Medium
"Return and refund. Please refund me since the product doesn't work as advertised. Emergency situation, please respond ASAP.",Refund request,Critical
"Terminate my account. I no longer need this service and want to end my plan. This is extremely urgent, I need help right now.",Cancellation request,Critical
Does this support my device. I'd like more details on the specifications before buying. Please take a look when convenient.,Product inquiry,Medium
"Stop my membership. Unsubscribe me from this service going forward. Just a small thing, not important.",Cancellation request,Low
Error message on startup. I can't log in even after resetting my password. This is a critical issue affecting my business immediately.,Technical issue,Critical
"Is this in stock. Does the warranty cover accidental damage? No rush at all, just a minor question.",Product inquiry,Low
"Question about product features. Does this product work with third-party accessories? Just a small thing, not important.",Product inquiry,Low
End my service plan. Unsubscribe me from this service going forward. This is impacting my work significantly.,Cancellation request,High
"Refund status update. Please refund me since the product doesn't work as advertised. This is extremely urgent, I need help right now.",Refund request,Critical
Warranty coverage details. Can you tell me if this product is compatible with my setup? I need this resolved within the next day or two.,Product inquiry,High
Want to cancel my subscription. Turn off auto-renewal on my account starting next cycle. Please take a look when convenient.,Cancellation request,Medium
"Want to cancel my subscription. I want to stop my membership and not be charged again. Whenever you get a chance, please look into this.",Cancellation request,Medium
Terminate my account. Please process a cancellation for my recent purchase. This is fairly urgent and needs attention soon.,Cancellation request,High
"Want my money back. I'd like to request a refund for my recent order. Low priority, just flagging for future reference.",Refund request,Low
"Return and refund. My order was cancelled but I haven't received a refund yet. Completely unusable, need this fixed today.",Refund request,Critical
"Return and refund. Please refund me since the product doesn't work as advertised. Just a small thing, not important.",Refund request,Low
"Terminate my account. I want to stop my membership and not be charged again. Not blocking anything major, just want it addressed.",Cancellation request,Medium
Want my money back. I'm not satisfied with this purchase and want a refund. This is impacting my work significantly.,Refund request,High
"Question about product features. What colors and sizes does this item come in? Emergency situation, please respond ASAP.",Product inquiry,Critical
"Want to cancel my subscription. I no longer need this service and want to end my plan. Please prioritize this, it's important.",Cancellation request,High
"Cancel auto-renewal. Please process a cancellation for my recent purchase. This can wait, just curious about something.",Cancellation request,Low
"Item arrived damaged. Please refund me since the product doesn't work as advertised. Whenever you get a chance, please look into this.",Refund request,Medium
"Need invoice copy. The payment I made isn't showing up in my billing history. This is extremely urgent, I need help right now.",Billing inquiry,Critical
"Want my money back. My order was cancelled but I haven't received a refund yet. Emergency situation, please respond ASAP.",Refund request,Critical
"Refund for cancelled order. Please refund me since the product doesn't work as advertised. No rush at all, just a minor question.",Refund request,Low
"Software update failed. The software update keeps failing at 90 percent. No rush at all, just a minor question.",Technical issue,Low
End my service plan. I would like to cancel my subscription effective immediately. This is a critical issue affecting my business immediately.,Cancellation request,Critical
"Refund on my bill. I was charged $9.99 but my plan should cost $120.50. Please prioritize this, it's important.",Billing inquiry,High
"Cancel recent purchase. I would like to cancel my subscription effective immediately. Please prioritize this, it's important.",Cancellation request,High
Does this support my device. What's the difference between the two models you offer? This is impacting my work significantly.,Product inquiry,High
"Refund for cancelled order. This product isn't what was described on the website. Not blocking anything major, just want it addressed.",Refund request,Medium
"Requesting a refund. The item arrived damaged and I want my money back. Low priority, just flagging for future reference.",Refund request,Low
"Cancel recent purchase. Please process a cancellation for my recent purchase. Just a small thing, not important.",Cancellation request,Low
Unhappy with purchase. Please refund me since the product doesn't work as advertised. This isn't urgent but I'd appreciate a response this week.,Refund request,Medium
"Product not as described. The item arrived damaged and I want my money back. Emergency situation, please respond ASAP.",Refund request,Critical
"Payment not reflecting. Can you explain the charge on my account from last week? Not blocking anything major, just want it addressed.",Billing inquiry,Medium
"Compatibility question. What colors and sizes does this item come in? This is extremely urgent, I need help right now.",Product inquiry,Critical
"Product not as described. The item arrived damaged and I want my money back. This can wait, just curious about something.",Refund request,Low
"App keeps crashing. I can't log in even after resetting my password. This can wait, just curious about something.",Technical issue,Low
"Billing cycle confusion. My invoice this month shows an extra charge I don't recognize. This can wait, just curious about something.",Billing inquiry,Low
"Software update failed. I keep getting an error code when I start the program. Completely unusable, need this fixed today.",Technical issue,Critical
"Available colors and sizes. Can you tell me if this product is compatible with my setup? Emergency situation, please respond ASAP.",Product inquiry,Critical
Cannot log into my account. The app crashes every time I try to open the settings page. This is impacting my work significantly.,Technical issue,High
"Want to cancel my subscription. Please process a cancellation for my recent purchase. Emergency situation, please respond ASAP.",Cancellation request,Critical
"Question about product features. Does this product work with third-party accessories? Whenever you get a chance, please look into this.",Product inquiry,Medium
Software update failed. I keep getting an error code when I start the program. I need this resolved within the next day or two.,Technical issue,High
Is this in stock. What colors and sizes does this item come in? Please take a look when convenient.,Product inquiry,Medium
Error message on startup. I keep getting an error code when I start the program. I need this resolved within the next day or two.,Technical issue,High
Error message on startup. I keep getting an error code when I start the program. This is impacting my work significantly.,Technical issue,High
"Please cancel my order. Unsubscribe me from this service going forward. This can wait, just curious about something.",Cancellation request,Low
"Refund status update. I want to return this item and get a full refund. Please prioritize this, it's important.",Refund request,High
"Refund for cancelled order. Please refund me since the product doesn't work as advertised. No rush at all, just a minor question.",Refund request,Low
Cannot log into my account. I can't log in even after resetting my password. Please take a look when convenient.,Technical issue,Medium
Refund status update. The item arrived damaged and I want my money back. This isn't urgent but I'd appreciate a response this week.,Refund request,Medium
"Terminate my account. I'd like to terminate my account and delete my data. This can wait, just curious about something.",Cancellation request,Low
Payment not reflecting. The billing statement doesn't match what I signed up for. Please take a look when convenient.,Billing inquiry,Medium
Product not as described. I'm not satisfied with this purchase and want a refund. This isn't urgent but I'd appreciate a response this week.,Refund request,Medium
"Return and refund. Please refund me since the product doesn't work as advertised. Just a small thing, not important.",Refund request,Low
"Device not turning on. The app crashes every time I try to open the settings page. Whenever you get a chance, please look into this.",Technical issue,Medium
"Payment not reflecting. My invoice this month shows an extra charge I don't recognize. Please prioritize this, it's important.",Billing inquiry,High
Is this in stock. What colors and sizes does this item come in? Please take a look when convenient.,Product inquiry,Medium
"Software update failed. The app crashes every time I try to open the settings page. Completely unusable, need this fixed today.",Technical issue,Critical
"Error message on startup. The product suddenly stopped responding to any input. Completely unusable, need this fixed today.",Technical issue,Critical
"Need invoice copy. My invoice this month shows an extra charge I don't recognize. Please prioritize this, it's important.",Billing inquiry,High
"Software update failed. The software update keeps failing at 90 percent. No rush at all, just a minor question.",Technical issue,Low
Error message on startup. The product suddenly stopped responding to any input. I need this resolved within the next day or two.,Technical issue,High
"Unhappy with purchase. I'd like to request a refund for my recent order. Whenever you get a chance, please look into this.",Refund request,Medium
"Question about my invoice. I need a copy of my invoice for accounting purposes. Not blocking anything major, just want it addressed.",Billing inquiry,Medium
"Item arrived damaged. This product isn't what was described on the website. Low priority, just flagging for future reference.",Refund request,Low
"Product not as described. I'd like to request a refund for my recent order. Not blocking anything major, just want it addressed.",Refund request,Medium
"Refund status update. I'd like to request a refund for my recent order. Just a small thing, not important.",Refund request,Low
"Product not as described. This product isn't what was described on the website. No rush at all, just a minor question.",Refund request,Low
Refund for cancelled order. Please refund me since the product doesn't work as advertised. This isn't urgent but I'd appreciate a response this week.,Refund request,Medium
"Want to cancel my subscription. Turn off auto-renewal on my account starting next cycle. Completely unusable, need this fixed today.",Cancellation request,Critical
Stop my membership. Turn off auto-renewal on my account starting next cycle. I need this resolved within the next day or two.,Cancellation request,High
"Bluetooth connection issue. The app crashes every time I try to open the settings page. Just a small thing, not important.",Technical issue,Low
"Cannot log into my account. The software update keeps failing at 90 percent. Just a small thing, not important.",Technical issue,Low
Available colors and sizes. Does the warranty cover accidental damage? This is fairly urgent and needs attention soon.,Product inquiry,High
Subscription price increased. The payment I made isn't showing up in my billing history. Please take a look when convenient.,Billing inquiry,Medium
Cancel auto-renewal. I no longer need this service and want to end my plan. I need this resolved within the next day or two.,Cancellation request,High
"Want my money back. The item arrived damaged and I want my money back. Please prioritize this, it's important.",Refund request,High
Does this support my device. I'd like more details on the specifications before buying. This is fairly urgent and needs attention soon.,Product inquiry,High
"Error message on startup. The app crashes every time I try to open the settings page. This is extremely urgent, I need help right now.",Technical issue,Critical
Product stopped responding. I can't log in even after resetting my password. This is fairly urgent and needs attention soon.,Technical issue,High
"Error message on startup. Bluetooth pairing fails every single time I attempt it. This is extremely urgent, I need help right now.",Technical issue,Critical
Comparing two models. Does this product work with third-party accessories? This is impacting my work significantly.,Product inquiry,High
"Does this support my device. Does this product work with third-party accessories? Emergency situation, please respond ASAP.",Product inquiry,Critical
Cancel recent purchase. I want to stop my membership and not be charged again. I need this resolved within the next day or two.,Cancellation request,High
"Refund on my bill. Can you explain the charge on my account from last week? Whenever you get a chance, please look into this.",Billing inquiry,Medium
"Available colors and sizes. Can you tell me if this product is compatible with my setup? Not blocking anything major, just want it addressed.",Product inquiry,Medium
Sync not working. Data isn't syncing between my phone and the app. This is a critical issue affecting my business immediately.,Technical issue,Critical
Unhappy with purchase. Can you tell me the status of my refund request? I need this resolved within the next day or two.,Refund request,High
"Cancel recent purchase. Unsubscribe me from this service going forward. Not blocking anything major, just want it addressed.",Cancellation request,Medium
"Product stopped responding. The software update keeps failing at 90 percent. Not blocking anything major, just want it addressed.",Technical issue,Medium
"Wrong amount charged. Can you explain the charge on my account from last week? No rush at all, just a minor question.",Billing inquiry,Low
"Return and refund. Please refund me since the product doesn't work as advertised. Completely unusable, need this fixed today.",Refund request,Critical
"Warranty coverage details. What colors and sizes does this item come in? Completely unusable, need this fixed today.",Product inquiry,Critical
"Payment not reflecting. Can you explain the charge on my account from last week? Emergency situation, please respond ASAP.",Billing inquiry,Critical
"Warranty coverage details. Does this product work with third-party accessories? Please prioritize this, it's important.",Product inquiry,High
Unhappy with purchase. I want to return this item and get a full refund. This is a critical issue affecting my business immediately.,Refund request,Critical
"Error message on startup. I can't log in even after resetting my password. No rush at all, just a minor question.",Technical issue,Low
"Billing cycle confusion. I need a copy of my invoice for accounting purposes. Not blocking anything major, just want it addressed.",Billing inquiry,Medium
Available colors and sizes. Does the warranty cover accidental damage? This is a critical issue affecting my business immediately.,Product inquiry,Critical
Subscription price increased. Can you explain the charge on my account from last week? This isn't urgent but I'd appreciate a response this week.,Billing inquiry,Medium
"Question about my invoice. The billing statement doesn't match what I signed up for. Completely unusable, need this fixed today.",Billing inquiry,Critical
"Cancel recent purchase. Turn off auto-renewal on my account starting next cycle. Just a small thing, not important.",Cancellation request,Low
Compatibility question. What colors and sizes does this item come in? This is a critical issue affecting my business immediately.,Product inquiry,Critical
"Stop my membership. I would like to cancel my subscription effective immediately. Completely unusable, need this fixed today.",Cancellation request,Critical
"Billing cycle confusion. I need a copy of my invoice for accounting purposes. Low priority, just flagging for future reference.",Billing inquiry,Low
"Sync not working. The product suddenly stopped responding to any input. This can wait, just curious about something.",Technical issue,Low
"Comparing two models. Is this item currently in stock and ready to ship? Please prioritize this, it's important.",Product inquiry,High
"Refund on my bill. Can you explain the charge on my account from last week? Completely unusable, need this fixed today.",Billing inquiry,Critical
"Software update failed. Bluetooth pairing fails every single time I attempt it. No rush at all, just a minor question.",Technical issue,Low
"Available colors and sizes. Can you tell me if this product is compatible with my setup? Please prioritize this, it's important.",Product inquiry,High
"Need invoice copy. I was charged $49.99 but my plan should cost $49.99. Completely unusable, need this fixed today.",Billing inquiry,Critical
"Does this support my device. Does the warranty cover accidental damage? Not blocking anything major, just want it addressed.",Product inquiry,Medium
Cannot log into my account. My device won't turn on no matter what I try. This is impacting my work significantly.,Technical issue,High
Question about product features. Does the warranty cover accidental damage? I need this resolved within the next day or two.,Product inquiry,High
"Sync not working. The software update keeps failing at 90 percent. Please prioritize this, it's important.",Technical issue,High
"Refund on my bill. I need a copy of my invoice for accounting purposes. Emergency situation, please respond ASAP.",Billing inquiry,Critical
"Unsubscribe from service. Please process a cancellation for my recent purchase. Please prioritize this, it's important.",Cancellation request,High
"Want to cancel my subscription. I no longer need this service and want to end my plan. This can wait, just curious about something.",Cancellation request,Low
"Need invoice copy. My invoice this month shows an extra charge I don't recognize. Please prioritize this, it's important.",Billing inquiry,High
"End my service plan. Please process a cancellation for my recent purchase. Completely unusable, need this fixed today.",Cancellation request,Critical
"Need invoice copy. Can you explain the charge on my account from last week? This can wait, just curious about something.",Billing inquiry,Low
Bluetooth connection issue. I can't log in even after resetting my password. Please take a look when convenient.,Technical issue,Medium
Product specifications. I'd like more details on the specifications before buying. Please take a look when convenient.,Product inquiry,Medium
"Error message on startup. My device won't turn on no matter what I try. Emergency situation, please respond ASAP.",Technical issue,Critical
"End my service plan. Turn off auto-renewal on my account starting next cycle. No rush at all, just a minor question.",Cancellation request,Low
"Billing cycle confusion. I need a copy of my invoice for accounting purposes. Emergency situation, please respond ASAP.",Billing inquiry,Critical
Billing cycle confusion. The payment I made isn't showing up in my billing history. This isn't urgent but I'd appreciate a response this week.,Billing inquiry,Medium
"Software update failed. Data isn't syncing between my phone and the app. Emergency situation, please respond ASAP.",Technical issue,Critical
"Refund on my bill. I need a copy of my invoice for accounting purposes. Just a small thing, not important.",Billing inquiry,Low
"Subscription price increased. My invoice this month shows an extra charge I don't recognize. This is extremely urgent, I need help right now.",Billing inquiry,Critical
"Device not turning on. Bluetooth pairing fails every single time I attempt it. This is extremely urgent, I need help right now.",Technical issue,Critical
"Wrong amount charged. The billing statement doesn't match what I signed up for. Emergency situation, please respond ASAP.",Billing inquiry,Critical
Product specifications. I'm curious about the battery life and expected performance. This is fairly urgent and needs attention soon.,Product inquiry,High
Does this support my device. Can you tell me if this product is compatible with my setup? This is fairly urgent and needs attention soon.,Product inquiry,High
Item arrived damaged. I'm not satisfied with this purchase and want a refund. I need this resolved within the next day or two.,Refund request,High
"Item arrived damaged. I'm not satisfied with this purchase and want a refund. Please prioritize this, it's important.",Refund request,High
Error message on startup. My device won't turn on no matter what I try. Please take a look when convenient.,Technical issue,Medium
Payment not reflecting. My invoice this month shows an extra charge I don't recognize. I need this resolved within the next day or two.,Billing inquiry,High
"Comparing two models. I'd like more details on the specifications before buying. Please prioritize this, it's important.",Product inquiry,High
App keeps crashing. I can't log in even after resetting my password. This is a critical issue affecting my business immediately.,Technical issue,Critical
"Product stopped responding. The product suddenly stopped responding to any input. Completely unusable, need this fixed today.",Technical issue,Critical
Software update failed. I can't log in even after resetting my password. This isn't urgent but I'd appreciate a response this week.,Technical issue,Medium
Wrong amount charged. My invoice this month shows an extra charge I don't recognize. This isn't urgent but I'd appreciate a response this week.,Billing inquiry,Medium
Question about product features. Can you tell me if this product is compatible with my setup? This isn't urgent but I'd appreciate a response this week.,Product inquiry,Medium
Requesting a refund. I'd like to request a refund for my recent order. This is fairly urgent and needs attention soon.,Refund request,High
Unhappy with purchase. This product isn't what was described on the website. Please take a look when convenient.,Refund request,Medium
Does this support my device. Can you tell me if this product is compatible with my setup? This is impacting my work significantly.,Product inquiry,High
"Refund status update. Can you tell me the status of my refund request? Completely unusable, need this fixed today.",Refund request,Critical
"Product stopped responding. I can't log in even after resetting my password. This can wait, just curious about something.",Technical issue,Low
"Product specifications. What colors and sizes does this item come in? Emergency situation, please respond ASAP.",Product inquiry,Critical
"Need invoice copy. I was charged $9.99 but my plan should cost $49.99. Low priority, just flagging for future reference.",Billing inquiry,Low
"Terminate my account. I want to stop my membership and not be charged again. Please prioritize this, it's important.",Cancellation request,High
"Comparing two models. Can you tell me if this product is compatible with my setup? Not blocking anything major, just want it addressed.",Product inquiry,Medium
"Refund on my bill. I need a copy of my invoice for accounting purposes. Low priority, just flagging for future reference.",Billing inquiry,Low
"App keeps crashing. The software update keeps failing at 90 percent. Whenever you get a chance, please look into this.",Technical issue,Medium
Want my money back. My order was cancelled but I haven't received a refund yet. I need this resolved within the next day or two.,Refund request,High
"Stop my membership. Please cancel the order I placed yesterday before it ships. No rush at all, just a minor question.",Cancellation request,Low
"Question about my invoice. The payment I made isn't showing up in my billing history. This can wait, just curious about something.",Billing inquiry,Low
"Device not turning on. The product suddenly stopped responding to any input. This can wait, just curious about something.",Technical issue,Low
"Software update failed. The product suddenly stopped responding to any input. Low priority, just flagging for future reference.",Technical issue,Low
"Error message on startup. Bluetooth pairing fails every single time I attempt it. This is extremely urgent, I need help right now.",Technical issue,Critical
"Refund for cancelled order. I want to return this item and get a full refund. Low priority, just flagging for future reference.",Refund request,Low
Billing cycle confusion. Can you explain the charge on my account from last week? This is a critical issue affecting my business immediately.,Billing inquiry,Critical
Device not turning on. I can't log in even after resetting my password. This is impacting my work significantly.,Technical issue,High
Want my money back. This product isn't what was described on the website. This is a critical issue affecting my business immediately.,Refund request,Critical
Cancel auto-renewal. Turn off auto-renewal on my account starting next cycle. Please take a look when convenient.,Cancellation request,Medium
Return and refund. I want to return this item and get a full refund. I need this resolved within the next day or two.,Refund request,High
Refund status update. This product isn't what was described on the website. Please take a look when convenient.,Refund request,Medium
Payment not reflecting. My subscription fee went up without any notice. Please take a look when convenient.,Billing inquiry,Medium
"Available colors and sizes. Does this product work with third-party accessories? No rush at all, just a minor question.",Product inquiry,Low
"Software update failed. My device won't turn on no matter what I try. This can wait, just curious about something.",Technical issue,Low
"Product specifications. Is this item currently in stock and ready to ship? Whenever you get a chance, please look into this.",Product inquiry,Medium
Requesting a refund. I'd like to request a refund for my recent order. Please take a look when convenient.,Refund request,Medium
"App keeps crashing. Data isn't syncing between my phone and the app. Emergency situation, please respond ASAP.",Technical issue,Critical
"Terminate my account. Please process a cancellation for my recent purchase. Just a small thing, not important.",Cancellation request,Low
"Want my money back. Please refund me since the product doesn't work as advertised. Not blocking anything major, just want it addressed.",Refund request,Medium
Billing cycle confusion. Can you explain the charge on my account from last week? Please take a look when convenient.,Billing inquiry,Medium
"Please cancel my order. I no longer need this service and want to end my plan. No rush at all, just a minor question.",Cancellation request,Low
Product not as described. My order was cancelled but I haven't received a refund yet. This is fairly urgent and needs attention soon.,Refund request,High
"Product stopped responding. Data isn't syncing between my phone and the app. Please prioritize this, it's important.",Technical issue,High
"Refund for cancelled order. Can you tell me the status of my refund request? Whenever you get a chance, please look into this.",Refund request,Medium
"Requesting a refund. Can you tell me the status of my refund request? No rush at all, just a minor question.",Refund request,Low
Want my money back. I want to return this item and get a full refund. This is fairly urgent and needs attention soon.,Refund request,High
"Need invoice copy. My invoice this month shows an extra charge I don't recognize. This can wait, just curious about something.",Billing inquiry,Low
"Available colors and sizes. What's the difference between the two models you offer? No rush at all, just a minor question.",Product inquiry,Low
"Subscription price increased. Can you explain the charge on my account from last week? This can wait, just curious about something.",Billing inquiry,Low
"Does this support my device. What's the difference between the two models you offer? Not blocking anything major, just want it addressed.",Product inquiry,Medium
"Product specifications. What colors and sizes does this item come in? Please prioritize this, it's important.",Product inquiry,High
"Is this in stock. What's the difference between the two models you offer? Just a small thing, not important.",Product inquiry,Low
"Question about product features. Is this item currently in stock and ready to ship? Whenever you get a chance, please look into this.",Product inquiry,Medium
Product specifications. Does the warranty cover accidental damage? This isn't urgent but I'd appreciate a response this week.,Product inquiry,Medium
Want to cancel my subscription. Please cancel the order I placed yesterday before it ships. This is fairly urgent and needs attention soon.,Cancellation request,High
"Is this in stock. Does this product work with third-party accessories? Emergency situation, please respond ASAP.",Product inquiry,Critical
Product stopped responding. Data isn't syncing between my phone and the app. Please take a look when convenient.,Technical issue,Medium
"Comparing two models. What colors and sizes does this item come in? This is extremely urgent, I need help right now.",Product inquiry,Critical
Need invoice copy. I noticed a duplicate charge on my credit card statement. I need this resolved within the next day or two.,Billing inquiry,High
"Please cancel my order. I no longer need this service and want to end my plan. This can wait, just curious about something.",Cancellation request,Low
"Billing cycle confusion. The billing statement doesn't match what I signed up for. Not blocking anything major, just want it addressed.",Billing inquiry,Medium
Need invoice copy. I noticed a duplicate charge on my credit card statement. Please take a look when convenient.,Billing inquiry,Medium
"App keeps crashing. I can't log in even after resetting my password. Whenever you get a chance, please look into this.",Technical issue,Medium
"End my service plan. Turn off auto-renewal on my account starting next cycle. Not blocking anything major, just want it addressed.",Cancellation request,Medium
"Cannot log into my account. The software update keeps failing at 90 percent. Low priority, just flagging for future reference.",Technical issue,Low
"Subscription price increased. I was charged $49.99 but my plan should cost $19.00. Completely unusable, need this fixed today.",Billing inquiry,Critical
Subscription price increased. I was charged $49.99 but my plan should cost $75.00. This is fairly urgent and needs attention soon.,Billing inquiry,High
"Cancel auto-renewal. Please process a cancellation for my recent purchase. This is extremely urgent, I need help right now.",Cancellation request,Critical
"Cancel auto-renewal. Please process a cancellation for my recent purchase. Whenever you get a chance, please look into this.",Cancellation request,Medium
End my service plan. I no longer need this service and want to end my plan. Please take a look when convenient.,Cancellation request,Medium
"Want my money back. My order was cancelled but I haven't received a refund yet. Just a small thing, not important.",Refund request,Low
"Want my money back. The item arrived damaged and I want my money back. Not blocking anything major, just want it addressed.",Refund request,Medium
Is this in stock. What colors and sizes does this item come in? Please take a look when convenient.,Product inquiry,Medium
"Warranty coverage details. Does the warranty cover accidental damage? No rush at all, just a minor question.",Product inquiry,Low
"Requesting a refund. I want to return this item and get a full refund. Completely unusable, need this fixed today.",Refund request,Critical
Billing cycle confusion. My invoice this month shows an extra charge I don't recognize. Please take a look when convenient.,Billing inquiry,Medium
"Product not as described. I want to return this item and get a full refund. Just a small thing, not important.",Refund request,Low
"Device not turning on. Bluetooth pairing fails every single time I attempt it. Emergency situation, please respond ASAP.",Technical issue,Critical
"App keeps crashing. The software update keeps failing at 90 percent. Whenever you get a chance, please look into this.",Technical issue,Medium
"Does this support my device. Can you tell me if this product is compatible with my setup? This can wait, just curious about something.",Product inquiry,Low
Device not turning on. The product suddenly stopped responding to any input. I need this resolved within the next day or two.,Technical issue,High
"Wrong amount charged. My subscription fee went up without any notice. Not blocking anything major, just want it addressed.",Billing inquiry,Medium
"Refund for cancelled order. I'm not satisfied with this purchase and want a refund. Whenever you get a chance, please look into this.",Refund request,Medium
Question about product features. What's the difference between the two models you offer? This is impacting my work significantly.,Product inquiry,High
"Sync not working. My device won't turn on no matter what I try. Emergency situation, please respond ASAP.",Technical issue,Critical
Wrong amount charged. I need a copy of my invoice for accounting purposes. This is fairly urgent and needs attention soon.,Billing inquiry,High
Unsubscribe from service. I no longer need this service and want to end my plan. This is a critical issue affecting my business immediately.,Cancellation request,Critical
"Refund for cancelled order. I'd like to request a refund for my recent order. Please prioritize this, it's important.",Refund request,High
"Payment not reflecting. The payment I made isn't showing up in my billing history. Please prioritize this, it's important.",Billing inquiry,High
"Bluetooth connection issue. I keep getting an error code when I start the program. This is extremely urgent, I need help right now.",Technical issue,Critical
Terminate my account. I would like to cancel my subscription effective immediately. I need this resolved within the next day or two.,Cancellation request,High
"Error message on startup. The product suddenly stopped responding to any input. Completely unusable, need this fixed today.",Technical issue,Critical
"Unsubscribe from service. Please cancel the order I placed yesterday before it ships. Emergency situation, please respond ASAP.",Cancellation request,Critical
"Sync not working. I can't log in even after resetting my password. Just a small thing, not important.",Technical issue,Low
"End my service plan. Unsubscribe me from this service going forward. Emergency situation, please respond ASAP.",Cancellation request,Critical
Stop my membership. I want to stop my membership and not be charged again. Please take a look when convenient.,Cancellation request,Medium
"Compatibility question. Is this item currently in stock and ready to ship? Not blocking anything major, just want it addressed.",Product inquiry,Medium
"Bluetooth connection issue. I keep getting an error code when I start the program. Emergency situation, please respond ASAP.",Technical issue,Critical
"Product not as described. My order was cancelled but I haven't received a refund yet. No rush at all, just a minor question.",Refund request,Low
Payment not reflecting. I was charged $49.99 but my plan should cost $120.50. I need this resolved within the next day or two.,Billing inquiry,High
"Error message on startup. The app crashes every time I try to open the settings page. This can wait, just curious about something.",Technical issue,Low
"Sync not working. Data isn't syncing between my phone and the app. No rush at all, just a minor question.",Technical issue,Low
"Is this in stock. Does the warranty cover accidental damage? Completely unusable, need this fixed today.",Product inquiry,Critical
"Refund status update. I want to return this item and get a full refund. This can wait, just curious about something.",Refund request,Low
"Unsubscribe from service. Turn off auto-renewal on my account starting next cycle. Emergency situation, please respond ASAP.",Cancellation request,Critical
Refund status update. The item arrived damaged and I want my money back. I need this resolved within the next day or two.,Refund request,High
"Want to cancel my subscription. I'd like to terminate my account and delete my data. Low priority, just flagging for future reference.",Cancellation request,Low
Want to cancel my subscription. I would like to cancel my subscription effective immediately. This is a critical issue affecting my business immediately.,Cancellation request,Critical
"Unsubscribe from service. Please cancel the order I placed yesterday before it ships. This can wait, just curious about something.",Cancellation request,Low
"Comparing two models. Does this product work with third-party accessories? Whenever you get a chance, please look into this.",Product inquiry,Medium
App keeps crashing. My device won't turn on no matter what I try. This is a critical issue affecting my business immediately.,Technical issue,Critical
Subscription price increased. I need a copy of my invoice for accounting purposes. This isn't urgent but I'd appreciate a response this week.,Billing inquiry,Medium
"Compatibility question. Can you tell me if this product is compatible with my setup? This is extremely urgent, I need help right now.",Product inquiry,Critical
"Comparing two models. What colors and sizes does this item come in? Just a small thing, not important.",Product inquiry,Low
Compatibility question. Can you tell me if this product is compatible with my setup? I need this resolved within the next day or two.,Product inquiry,High
"Product stopped responding. I keep getting an error code when I start the program. This can wait, just curious about something.",Technical issue,Low
"Item arrived damaged. I'd like to request a refund for my recent order. This can wait, just curious about something.",Refund request,Low
"Cancel recent purchase. I would like to cancel my subscription effective immediately. Not blocking anything major, just want it addressed.",Cancellation request,Medium
"Device not turning on. The app crashes every time I try to open the settings page. Just a small thing, not important.",Technical issue,Low
"Billing cycle confusion. The payment I made isn't showing up in my billing history. Low priority, just flagging for future reference.",Billing inquiry,Low
"Return and refund. My order was cancelled but I haven't received a refund yet. Whenever you get a chance, please look into this.",Refund request,Medium
"Refund status update. I'm not satisfied with this purchase and want a refund. Emergency situation, please respond ASAP.",Refund request,Critical
"Wrong amount charged. I was charged $49.99 but my plan should cost $9.99. Please prioritize this, it's important.",Billing inquiry,High
Question about my invoice. My invoice this month shows an extra charge I don't recognize. This is a critical issue affecting my business immediately.,Billing inquiry,Critical
"Refund status update. I'd like to request a refund for my recent order. Just a small thing, not important.",Refund request,Low
"Billing cycle confusion. I need a copy of my invoice for accounting purposes. Low priority, just flagging for future reference.",Billing inquiry,Low
Please cancel my order. Turn off auto-renewal on my account starting next cycle. This is a critical issue affecting my business immediately.,Cancellation request,Critical
"Product not as described. I'd like to request a refund for my recent order. Emergency situation, please respond ASAP.",Refund request,Critical
Comparing two models. Can you tell me if this product is compatible with my setup? This is a critical issue affecting my business immediately.,Product inquiry,Critical
"Want my money back. The item arrived damaged and I want my money back. Please prioritize this, it's important.",Refund request,High
Cancel recent purchase. I'd like to terminate my account and delete my data. I need this resolved within the next day or two.,Cancellation request,High
Refund on my bill. I was charged $75.00 but my plan should cost $120.50. This is fairly urgent and needs attention soon.,Billing inquiry,High
"Want to cancel my subscription. Please cancel the order I placed yesterday before it ships. Not blocking anything major, just want it addressed.",Cancellation request,Medium
Need invoice copy. My subscription fee went up without any notice. This isn't urgent but I'd appreciate a response this week.,Billing inquiry,Medium
Requesting a refund. Can you tell me the status of my refund request? This is fairly urgent and needs attention soon.,Refund request,High
Refund status update. Can you tell me the status of my refund request? Please take a look when convenient.,Refund request,Medium
"Question about my invoice. Can you explain the charge on my account from last week? Just a small thing, not important.",Billing inquiry,Low
App keeps crashing. Bluetooth pairing fails every single time I attempt it. This is a critical issue affecting my business immediately.,Technical issue,Critical
"Unsubscribe from service. I want to stop my membership and not be charged again. Just a small thing, not important.",Cancellation request,Low
"Refund for cancelled order. I want to return this item and get a full refund. Emergency situation, please respond ASAP.",Refund request,Critical
"Is this in stock. Can you tell me if this product is compatible with my setup? This is extremely urgent, I need help right now.",Product inquiry,Critical
"Compatibility question. Can you tell me if this product is compatible with my setup? Completely unusable, need this fixed today.",Product inquiry,Critical
Comparing two models. What colors and sizes does this item come in? Please take a look when convenient.,Product inquiry,Medium
"Please cancel my order. I no longer need this service and want to end my plan. This is extremely urgent, I need help right now.",Cancellation request,Critical
"Software update failed. The product suddenly stopped responding to any input. Completely unusable, need this fixed today.",Technical issue,Critical
"Error message on startup. The app crashes every time I try to open the settings page. Just a small thing, not important.",Technical issue,Low
"Need invoice copy. I noticed a duplicate charge on my credit card statement. Low priority, just flagging for future reference.",Billing inquiry,Low
"Product specifications. Does this product work with third-party accessories? Low priority, just flagging for future reference.",Product inquiry,Low
Refund for cancelled order. Please refund me since the product doesn't work as advertised. This is fairly urgent and needs attention soon.,Refund request,High
Is this in stock. What colors and sizes does this item come in? Please take a look when convenient.,Product inquiry,Medium
"Cancel auto-renewal. I'd like to terminate my account and delete my data. Whenever you get a chance, please look into this.",Cancellation request,Medium
"Question about product features. Does the warranty cover accidental damage? Please prioritize this, it's important.",Product inquiry,High
Refund status update. The item arrived damaged and I want my money back. This is a critical issue affecting my business immediately.,Refund request,Critical
"Want to cancel my subscription. Please process a cancellation for my recent purchase. Low priority, just flagging for future reference.",Cancellation request,Low
"Refund on my bill. Can you explain the charge on my account from last week? Not blocking anything major, just want it addressed.",Billing inquiry,Medium
"Cancel recent purchase. Please cancel the order I placed yesterday before it ships. Low priority, just flagging for future reference.",Cancellation request,Low
"Refund on my bill. I noticed a duplicate charge on my credit card statement. Not blocking anything major, just want it addressed.",Billing inquiry,Medium
Warranty coverage details. Is this item currently in stock and ready to ship? This is fairly urgent and needs attention soon.,Product inquiry,High
Refund for cancelled order. Can you tell me the status of my refund request? I need this resolved within the next day or two.,Refund request,High
"Refund for cancelled order. The item arrived damaged and I want my money back. This can wait, just curious about something.",Refund request,Low
Need invoice copy. My invoice this month shows an extra charge I don't recognize. I need this resolved within the next day or two.,Billing inquiry,High
"Question about my invoice. I noticed a duplicate charge on my credit card statement. Low priority, just flagging for future reference.",Billing inquiry,Low
Charged twice this month. The payment I made isn't showing up in my billing history. This is a critical issue affecting my business immediately.,Billing inquiry,Critical
Sync not working. Bluetooth pairing fails every single time I attempt it. I need this resolved within the next day or two.,Technical issue,High
"Need invoice copy. Can you explain the charge on my account from last week? Just a small thing, not important.",Billing inquiry,Low
Comparing two models. Does this product work with third-party accessories? This is a critical issue affecting my business immediately.,Product inquiry,Critical
"Product specifications. Is this item currently in stock and ready to ship? No rush at all, just a minor question.",Product inquiry,Low
"Sync not working. The software update keeps failing at 90 percent. This can wait, just curious about something.",Technical issue,Low
"Question about my invoice. My subscription fee went up without any notice. Just a small thing, not important.",Billing inquiry,Low
Available colors and sizes. Does this product work with third-party accessories? This is a critical issue affecting my business immediately.,Product inquiry,Critical
"Billing cycle confusion. Can you explain the charge on my account from last week? No rush at all, just a minor question.",Billing inquiry,Low
Bluetooth connection issue. Data isn't syncing between my phone and the app. This is a critical issue affecting my business immediately.,Technical issue,Critical
"Is this in stock. Can you tell me if this product is compatible with my setup? Emergency situation, please respond ASAP.",Product inquiry,Critical
Warranty coverage details. I'm curious about the battery life and expected performance. Please take a look when convenient.,Product inquiry,Medium
Compatibility question. What colors and sizes does this item come in? This is fairly urgent and needs attention soon.,Product inquiry,High
"Is this in stock. I'd like more details on the specifications before buying. Whenever you get a chance, please look into this.",Product inquiry,Medium
"Product stopped responding. I keep getting an error code when I start the program. Low priority, just flagging for future reference.",Technical issue,Low
"Payment not reflecting. My invoice this month shows an extra charge I don't recognize. Please prioritize this, it's important.",Billing inquiry,High
Item arrived damaged. I'd like to request a refund for my recent order. This isn't urgent but I'd appreciate a response this week.,Refund request,Medium
"Error message on startup. Data isn't syncing between my phone and the app. Emergency situation, please respond ASAP.",Technical issue,Critical
Question about my invoice. The payment I made isn't showing up in my billing history. Please take a look when convenient.,Billing inquiry,Medium
"End my service plan. I'd like to terminate my account and delete my data. This can wait, just curious about something.",Cancellation request,Low
"Available colors and sizes. Can you tell me if this product is compatible with my setup? Whenever you get a chance, please look into this.",Product inquiry,Medium
"Cannot log into my account. The product suddenly stopped responding to any input. Whenever you get a chance, please look into this.",Technical issue,Medium
Billing cycle confusion. Can you explain the charge on my account from last week? This isn't urgent but I'd appreciate a response this week.,Billing inquiry,Medium
Please cancel my order. Please cancel the order I placed yesterday before it ships. Please take a look when convenient.,Cancellation request,Medium
Wrong amount charged. I was charged $75.00 but my plan should cost $75.00. This is impacting my work significantly.,Billing inquiry,High
Warranty coverage details. Can you tell me if this product is compatible with my setup? This is impacting my work significantly.,Product inquiry,High
"Comparing two models. What colors and sizes does this item come in? Emergency situation, please respond ASAP.",Product inquiry,Critical
"Cancel recent purchase. Unsubscribe me from this service going forward. Whenever you get a chance, please look into this.",Cancellation request,Medium
"Refund status update. This product isn't what was described on the website. Emergency situation, please respond ASAP.",Refund request,Critical
"Terminate my account. Unsubscribe me from this service going forward. Low priority, just flagging for future reference.",Cancellation request,Low
"Charged twice this month. My invoice this month shows an extra charge I don't recognize. No rush at all, just a minor question.",Billing inquiry,Low
"Software update failed. The software update keeps failing at 90 percent. This can wait, just curious about something.",Technical issue,Low
Bluetooth connection issue. Data isn't syncing between my phone and the app. Please take a look when convenient.,Technical issue,Medium
Cannot log into my account. The app crashes every time I try to open the settings page. I need this resolved within the next day or two.,Technical issue,High
Software update failed. I keep getting an error code when I start the program. This is fairly urgent and needs attention soon.,Technical issue,High
Please cancel my order. Unsubscribe me from this service going forward. Please take a look when convenient.,Cancellation request,Medium
"Requesting a refund. This product isn't what was described on the website. Whenever you get a chance, please look into this.",Refund request,Medium
Wrong amount charged. I noticed a duplicate charge on my credit card statement. This isn't urgent but I'd appreciate a response this week.,Billing inquiry,Medium
"Cancel recent purchase. I want to stop my membership and not be charged again. Not blocking anything major, just want it addressed.",Cancellation request,Medium
"Compatibility question. What colors and sizes does this item come in? Just a small thing, not important.",Product inquiry,Low
"Error message on startup. I keep getting an error code when I start the program. Low priority, just flagging for future reference.",Technical issue,Low
Need invoice copy. The payment I made isn't showing up in my billing history. This is a critical issue affecting my business immediately.,Billing inquiry,Critical
"Need invoice copy. My invoice this month shows an extra charge I don't recognize. Completely unusable, need this fixed today.",Billing inquiry,Critical
"Subscription price increased. The payment I made isn't showing up in my billing history. Completely unusable, need this fixed today.",Billing inquiry,Critical
"Device not turning on. I can't log in even after resetting my password. This can wait, just curious about something.",Technical issue,Low
"Cancel auto-renewal. Please cancel the order I placed yesterday before it ships. This can wait, just curious about something.",Cancellation request,Low
Refund on my bill. The billing statement doesn't match what I signed up for. This is fairly urgent and needs attention soon.,Billing inquiry,High
Cannot log into my account. The app crashes every time I try to open the settings page. This isn't urgent but I'd appreciate a response this week.,Technical issue,Medium
"Refund on my bill. The billing statement doesn't match what I signed up for. Please prioritize this, it's important.",Billing inquiry,High
Want to cancel my subscription. Turn off auto-renewal on my account starting next cycle. This is fairly urgent and needs attention soon.,Cancellation request,High
"Refund on my bill. The payment I made isn't showing up in my billing history. Whenever you get a chance, please look into this.",Billing inquiry,Medium
"Item arrived damaged. I'd like to request a refund for my recent order. Not blocking anything major, just want it addressed.",Refund request,Medium
Available colors and sizes. I'd like more details on the specifications before buying. This is a critical issue affecting my business immediately.,Product inquiry,Critical
"Stop my membership. Unsubscribe me from this service going forward. Not blocking anything major, just want it addressed.",Cancellation request,Medium
"Device not turning on. Data isn't syncing between my phone and the app. No rush at all, just a minor question.",Technical issue,Low
Stop my membership. I no longer need this service and want to end my plan. This is a critical issue affecting my business immediately.,Cancellation request,Critical
Does this support my device. Is this item currently in stock and ready to ship? This is fairly urgent and needs attention soon.,Product inquiry,High
"Item arrived damaged. I want to return this item and get a full refund. Please prioritize this, it's important.",Refund request,High
"Unhappy with purchase. This product isn't what was described on the website. Emergency situation, please respond ASAP.",Refund request,Critical
Bluetooth connection issue. My device won't turn on no matter what I try. This is impacting my work significantly.,Technical issue,High
"Refund for cancelled order. I'd like to request a refund for my recent order. Please prioritize this, it's important.",Refund request,High
"Product not as described. Please refund me since the product doesn't work as advertised. Completely unusable, need this fixed today.",Refund request,Critical
"Device not turning on. The app crashes every time I try to open the settings page. Please prioritize this, it's important.",Technical issue,High
"Sync not working. My device won't turn on no matter what I try. No rush at all, just a minor question.",Technical issue,Low
"Return and refund. The item arrived damaged and I want my money back. This can wait, just curious about something.",Refund request,Low
"App keeps crashing. The app crashes every time I try to open the settings page. No rush at all, just a minor question.",Technical issue,Low
Compatibility question. What colors and sizes does this item come in? I need this resolved within the next day or two.,Product inquiry,High
"Subscription price increased. Can you explain the charge on my account from last week? Whenever you get a chance, please look into this.",Billing inquiry,Medium
Device not turning on. I keep getting an error code when I start the program. This isn't urgent but I'd appreciate a response this week.,Technical issue,Medium
"Want to cancel my subscription. I want to stop my membership and not be charged again. No rush at all, just a minor question.",Cancellation request,Low
Billing cycle confusion. My invoice this month shows an extra charge I don't recognize. I need this resolved within the next day or two.,Billing inquiry,High
Wrong amount charged. I was charged $49.99 but my plan should cost $75.00. This is impacting my work significantly.,Billing inquiry,High
"Cancel recent purchase. I would like to cancel my subscription effective immediately. Not blocking anything major, just want it addressed.",Cancellation request,Medium
"Available colors and sizes. What colors and sizes does this item come in? This can wait, just curious about something.",Product inquiry,Low
"Available colors and sizes. I'm curious about the battery life and expected performance. Not blocking anything major, just want it addressed.",Product inquiry,Medium
Software update failed. The software update keeps failing at 90 percent. This is a critical issue affecting my business immediately.,Technical issue,Critical
"Product stopped responding. I keep getting an error code when I start the program. No rush at all, just a minor question.",Technical issue,Low
"Cannot log into my account. The product suddenly stopped responding to any input. Whenever you get a chance, please look into this.",Technical issue,Medium
Want my money back. My order was cancelled but I haven't received a refund yet. This isn't urgent but I'd appreciate a response this week.,Refund request,Medium
Product stopped responding. The app crashes every time I try to open the settings page. This is fairly urgent and needs attention soon.,Technical issue,High
Question about product features. Is this item currently in stock and ready to ship? This is a critical issue affecting my business immediately.,Product inquiry,Critical
"Cancel auto-renewal. Unsubscribe me from this service going forward. No rush at all, just a minor question.",Cancellation request,Low
Warranty coverage details. I'd like more details on the specifications before buying. This is fairly urgent and needs attention soon.,Product inquiry,High
"Refund for cancelled order. The item arrived damaged and I want my money back. This is extremely urgent, I need help right now.",Refund request,Critical
"Please cancel my order. I want to stop my membership and not be charged again. No rush at all, just a minor question.",Cancellation request,Low
"Need invoice copy. My subscription fee went up without any notice. Low priority, just flagging for future reference.",Billing inquiry,Low
Refund for cancelled order. I'm not satisfied with this purchase and want a refund. This is a critical issue affecting my business immediately.,Refund request,Critical
Is this in stock. Is this item currently in stock and ready to ship? This isn't urgent but I'd appreciate a response this week.,Product inquiry,Medium
Is this in stock. Does the warranty cover accidental damage? This isn't urgent but I'd appreciate a response this week.,Product inquiry,Medium
Cancel recent purchase. Please cancel the order I placed yesterday before it ships. Please take a look when convenient.,Cancellation request,Medium
"Charged twice this month. Can you explain the charge on my account from last week? Low priority, just flagging for future reference.",Billing inquiry,Low
Product stopped responding. My device won't turn on no matter what I try. This isn't urgent but I'd appreciate a response this week.,Technical issue,Medium
"Software update failed. I keep getting an error code when I start the program. Low priority, just flagging for future reference.",Technical issue,Low
Charged twice this month. The billing statement doesn't match what I signed up for. This is impacting my work significantly.,Billing inquiry,High
"Wrong amount charged. I was charged $9.99 but my plan should cost $49.99. No rush at all, just a minor question.",Billing inquiry,Low
Compatibility question. What colors and sizes does this item come in? This isn't urgent but I'd appreciate a response this week.,Product inquiry,Medium
"Refund on my bill. The payment I made isn't showing up in my billing history. Just a small thing, not important.",Billing inquiry,Low
Device not turning on. I can't log in even after resetting my password. Please take a look when convenient.,Technical issue,Medium
Terminate my account. I'd like to terminate my account and delete my data. I need this resolved within the next day or two.,Cancellation request,High
"Please cancel my order. Unsubscribe me from this service going forward. Not blocking anything major, just want it addressed.",Cancellation request,Medium
Want to cancel my subscription. Please cancel the order I placed yesterday before it ships. This is a critical issue affecting my business immediately.,Cancellation request,Critical
"Wrong amount charged. I need a copy of my invoice for accounting purposes. Please prioritize this, it's important.",Billing inquiry,High
"Return and refund. This product isn't what was described on the website. No rush at all, just a minor question.",Refund request,Low
Subscription price increased. Can you explain the charge on my account from last week? Please take a look when convenient.,Billing inquiry,Medium
Compatibility question. Can you tell me if this product is compatible with my setup? Please take a look when convenient.,Product inquiry,Medium
"Does this support my device. Does this product work with third-party accessories? Whenever you get a chance, please look into this.",Product inquiry,Medium
"Warranty coverage details. Is this item currently in stock and ready to ship? This is extremely urgent, I need help right now.",Product inquiry,Critical
Want my money back. This product isn't what was described on the website. Please take a look when convenient.,Refund request,Medium
"Cannot log into my account. The app crashes every time I try to open the settings page. Please prioritize this, it's important.",Technical issue,High
"Does this support my device. Does this product work with third-party accessories? Emergency situation, please respond ASAP.",Product inquiry,Critical
Want my money back. Please refund me since the product doesn't work as advertised. This is a critical issue affecting my business immediately.,Refund request,Critical
"Want my money back. This product isn't what was described on the website. Low priority, just flagging for future reference.",Refund request,Low
"End my service plan. Please process a cancellation for my recent purchase. This is extremely urgent, I need help right now.",Cancellation request,Critical
App keeps crashing. I can't log in even after resetting my password. This is fairly urgent and needs attention soon.,Technical issue,High
"Payment not reflecting. My invoice this month shows an extra charge I don't recognize. This can wait, just curious about something.",Billing inquiry,Low
"Product not as described. Can you tell me the status of my refund request? Not blocking anything major, just want it addressed.",Refund request,Medium
"Available colors and sizes. Can you tell me if this product is compatible with my setup? Low priority, just flagging for future reference.",Product inquiry,Low
"Product stopped responding. The app crashes every time I try to open the settings page. Please prioritize this, it's important.",Technical issue,High
Item arrived damaged. This product isn't what was described on the website. I need this resolved within the next day or two.,Refund request,High
Error message on startup. The software update keeps failing at 90 percent. This is a critical issue affecting my business immediately.,Technical issue,Critical
Charged twice this month. I noticed a duplicate charge on my credit card statement. This is a critical issue affecting my business immediately.,Billing inquiry,Critical
"Need invoice copy. Can you explain the charge on my account from last week? Emergency situation, please respond ASAP.",Billing inquiry,Critical
Wrong amount charged. The payment I made isn't showing up in my billing history. This is impacting my work significantly.,Billing inquiry,High
"Product not as described. Can you tell me the status of my refund request? This can wait, just curious about something.",Refund request,Low
"Terminate my account. I'd like to terminate my account and delete my data. Whenever you get a chance, please look into this.",Cancellation request,Medium
"Sync not working. The product suddenly stopped responding to any input. Just a small thing, not important.",Technical issue,Low
"Cannot log into my account. Bluetooth pairing fails every single time I attempt it. Please prioritize this, it's important.",Technical issue,High
"Refund for cancelled order. I'm not satisfied with this purchase and want a refund. Not blocking anything major, just want it addressed.",Refund request,Medium
"Wrong amount charged. My invoice this month shows an extra charge I don't recognize. Whenever you get a chance, please look into this.",Billing inquiry,Medium
Stop my membership. Please cancel the order I placed yesterday before it ships. This isn't urgent but I'd appreciate a response this week.,Cancellation request,Medium
Payment not reflecting. My invoice this month shows an extra charge I don't recognize. I need this resolved within the next day or two.,Billing inquiry,High
"Product not as described. I'd like to request a refund for my recent order. Low priority, just flagging for future reference.",Refund request,Low
"Error message on startup. My device won't turn on no matter what I try. Whenever you get a chance, please look into this.",Technical issue,Medium
Return and refund. I want to return this item and get a full refund. This is impacting my work significantly.,Refund request,High
"Cancel recent purchase. Please process a cancellation for my recent purchase. Whenever you get a chance, please look into this.",Cancellation request,Medium
"Device not turning on. The product suddenly stopped responding to any input. Not blocking anything major, just want it addressed.",Technical issue,Medium
"Comparing two models. Does this product work with third-party accessories? This is extremely urgent, I need help right now.",Product inquiry,Critical
"Unsubscribe from service. I'd like to terminate my account and delete my data. Whenever you get a chance, please look into this.",Cancellation request,Medium
"Error message on startup. I can't log in even after resetting my password. Whenever you get a chance, please look into this.",Technical issue,Medium
"Refund for cancelled order. This product isn't what was described on the website. Completely unusable, need this fixed today.",Refund request,Critical
"Requesting a refund. The item arrived damaged and I want my money back. Emergency situation, please respond ASAP.",Refund request,Critical
Bluetooth connection issue. I can't log in even after resetting my password. This isn't urgent but I'd appreciate a response this week.,Technical issue,Medium
Charged twice this month. Can you explain the charge on my account from last week? This is fairly urgent and needs attention soon.,Billing inquiry,High
Billing cycle confusion. The payment I made isn't showing up in my billing history. This is fairly urgent and needs attention soon.,Billing inquiry,High
"End my service plan. I would like to cancel my subscription effective immediately. This is extremely urgent, I need help right now.",Cancellation request,Critical
Wrong amount charged. I noticed a duplicate charge on my credit card statement. Please take a look when convenient.,Billing inquiry,Medium
"Refund on my bill. My subscription fee went up without any notice. This can wait, just curious about something.",Billing inquiry,Low
"Sync not working. Data isn't syncing between my phone and the app. Low priority, just flagging for future reference.",Technical issue,Low
Need invoice copy. Can you explain the charge on my account from last week? This isn't urgent but I'd appreciate a response this week.,Billing inquiry,Medium
Question about product features. Does the warranty cover accidental damage? Please take a look when convenient.,Product inquiry,Medium
"Refund on my bill. The payment I made isn't showing up in my billing history. Completely unusable, need this fixed today.",Billing inquiry,Critical
Payment not reflecting. I noticed a duplicate charge on my credit card statement. This is impacting my work significantly.,Billing inquiry,High
"Question about my invoice. My subscription fee went up without any notice. Completely unusable, need this fixed today.",Billing inquiry,Critical
"Refund on my bill. I noticed a duplicate charge on my credit card statement. Just a small thing, not important.",Billing inquiry,Low
"Charged twice this month. I need a copy of my invoice for accounting purposes. Please prioritize this, it's important.",Billing inquiry,High
Question about my invoice. My invoice this month shows an extra charge I don't recognize. This isn't urgent but I'd appreciate a response this week.,Billing inquiry,Medium
Available colors and sizes. I'm curious about the battery life and expected performance. Please take a look when convenient.,Product inquiry,Medium
Cancel recent purchase. I want to stop my membership and not be charged again. This is a critical issue affecting my business immediately.,Cancellation request,Critical
Want to cancel my subscription. I'd like to terminate my account and delete my data. This isn't urgent but I'd appreciate a response this week.,Cancellation request,Medium
Payment not reflecting. Can you explain the charge on my account from last week? This is fairly urgent and needs attention soon.,Billing inquiry,High
"Terminate my account. I no longer need this service and want to end my plan. Just a small thing, not important.",Cancellation request,Low
"Return and refund. This product isn't what was described on the website. No rush at all, just a minor question.",Refund request,Low
Billing cycle confusion. The payment I made isn't showing up in my billing history. Please take a look when convenient.,Billing inquiry,Medium
Item arrived damaged. This product isn't what was described on the website. This is impacting my work significantly.,Refund request,High
"Charged twice this month. I was charged $9.99 but my plan should cost $75.00. This is extremely urgent, I need help right now.",Billing inquiry,Critical
Want my money back. Can you tell me the status of my refund request? This is a critical issue affecting my business immediately.,Refund request,Critical
"Cannot log into my account. I keep getting an error code when I start the program. Completely unusable, need this fixed today.",Technical issue,Critical
Need invoice copy. I was charged $120.50 but my plan should cost $120.50. I need this resolved within the next day or two.,Billing inquiry,High
"Sync not working. Data isn't syncing between my phone and the app. Whenever you get a chance, please look into this.",Technical issue,Medium
"Product specifications. I'm curious about the battery life and expected performance. Not blocking anything major, just want it addressed.",Product inquiry,Medium
"Warranty coverage details. What's the difference between the two models you offer? Low priority, just flagging for future reference.",Product inquiry,Low
Question about product features. Is this item currently in stock and ready to ship? Please take a look when convenient.,Product inquiry,Medium
Error message on startup. The product suddenly stopped responding to any input. I need this resolved within the next day or two.,Technical issue,High
"Compatibility question. Can you tell me if this product is compatible with my setup? This can wait, just curious about something.",Product inquiry,Low
"Available colors and sizes. What colors and sizes does this item come in? This can wait, just curious about something.",Product inquiry,Low
"Device not turning on. The product suddenly stopped responding to any input. Completely unusable, need this fixed today.",Technical issue,Critical
"Product stopped responding. Data isn't syncing between my phone and the app. Just a small thing, not important.",Technical issue,Low
"Warranty coverage details. Can you tell me if this product is compatible with my setup? Whenever you get a chance, please look into this.",Product inquiry,Medium
"End my service plan. Please cancel the order I placed yesterday before it ships. This is extremely urgent, I need help right now.",Cancellation request,Critical
"Refund for cancelled order. Can you tell me the status of my refund request? No rush at all, just a minor question.",Refund request,Low
"Refund status update. Please refund me since the product doesn't work as advertised. This can wait, just curious about something.",Refund request,Low
Is this in stock. What's the difference between the two models you offer? This isn't urgent but I'd appreciate a response this week.,Product inquiry,Medium
Question about my invoice. I noticed a duplicate charge on my credit card statement. This isn't urgent but I'd appreciate a response this week.,Billing inquiry,Medium
"Warranty coverage details. Does this product work with third-party accessories? Completely unusable, need this fixed today.",Product inquiry,Critical
Payment not reflecting. My invoice this month shows an extra charge I don't recognize. I need this resolved within the next day or two.,Billing inquiry,High
"Error message on startup. The app crashes every time I try to open the settings page. This is extremely urgent, I need help right now.",Technical issue,Critical
End my service plan. I no longer need this service and want to end my plan. This is fairly urgent and needs attention soon.,Cancellation request,High
"Want my money back. Please refund me since the product doesn't work as advertised. Whenever you get a chance, please look into this.",Refund request,Medium
Need invoice copy. The billing statement doesn't match what I signed up for. This isn't urgent but I'd appreciate a response this week.,Billing inquiry,Medium
Need invoice copy. The billing statement doesn't match what I signed up for. I need this resolved within the next day or two.,Billing inquiry,High
"Device not turning on. The software update keeps failing at 90 percent. Whenever you get a chance, please look into this.",Technical issue,Medium
Stop my membership. I would like to cancel my subscription effective immediately. I need this resolved within the next day or two.,Cancellation request,High
"Product stopped responding. The product suddenly stopped responding to any input. Please prioritize this, it's important.",Technical issue,High
Unsubscribe from service. Please cancel the order I placed yesterday before it ships. This is fairly urgent and needs attention soon.,Cancellation request,High
Device not turning on. Bluetooth pairing fails every single time I attempt it. This is a critical issue affecting my business immediately.,Technical issue,Critical
"Comparing two models. Can you tell me if this product is compatible with my setup? No rush at all, just a minor question.",Product inquiry,Low
"Does this support my device. Can you tell me if this product is compatible with my setup? Please prioritize this, it's important.",Product inquiry,High
Available colors and sizes. Does this product work with third-party accessories? This is a critical issue affecting my business immediately.,Product inquiry,Critical
"Terminate my account. Turn off auto-renewal on my account starting next cycle. Low priority, just flagging for future reference.",Cancellation request,Low
Question about my invoice. My subscription fee went up without any notice. This isn't urgent but I'd appreciate a response this week.,Billing inquiry,Medium
"Question about product features. What colors and sizes does this item come in? Emergency situation, please respond ASAP.",Product inquiry,Critical
"Does this support my device. Can you tell me if this product is compatible with my setup? Please prioritize this, it's important.",Product inquiry,High
Need invoice copy. My invoice this month shows an extra charge I don't recognize. I need this resolved within the next day or two.,Billing inquiry,High
"Requesting a refund. I'm not satisfied with this purchase and want a refund. Please prioritize this, it's important.",Refund request,High
"Available colors and sizes. Is this item currently in stock and ready to ship? Just a small thing, not important.",Product inquiry,Low
"Wrong amount charged. My invoice this month shows an extra charge I don't recognize. This is extremely urgent, I need help right now.",Billing inquiry,Critical
"Cancel auto-renewal. Please cancel the order I placed yesterday before it ships. Just a small thing, not important.",Cancellation request,Low
"Payment not reflecting. The billing statement doesn't match what I signed up for. This is extremely urgent, I need help right now.",Billing inquiry,Critical
"Charged twice this month. Can you explain the charge on my account from last week? Just a small thing, not important.",Billing inquiry,Low
"Warranty coverage details. Does the warranty cover accidental damage? Just a small thing, not important.",Product inquiry,Low
"Billing cycle confusion. Can you explain the charge on my account from last week? No rush at all, just a minor question.",Billing inquiry,Low
"Product specifications. Does this product work with third-party accessories? This is extremely urgent, I need help right now.",Product inquiry,Critical
"Product stopped responding. I keep getting an error code when I start the program. Completely unusable, need this fixed today.",Technical issue,Critical
Wrong amount charged. The billing statement doesn't match what I signed up for. Please take a look when convenient.,Billing inquiry,Medium
"Warranty coverage details. Can you tell me if this product is compatible with my setup? This is extremely urgent, I need help right now.",Product inquiry,Critical
"Product stopped responding. The product suddenly stopped responding to any input. Just a small thing, not important.",Technical issue,Low
"Warranty coverage details. Does the warranty cover accidental damage? Low priority, just flagging for future reference.",Product inquiry,Low
"Payment not reflecting. The billing statement doesn't match what I signed up for. Low priority, just flagging for future reference.",Billing inquiry,Low
"Comparing two models. I'd like more details on the specifications before buying. Completely unusable, need this fixed today.",Product inquiry,Critical
"Billing cycle confusion. Can you explain the charge on my account from last week? No rush at all, just a minor question.",Billing inquiry,Low
Subscription price increased. The payment I made isn't showing up in my billing history. This is a critical issue affecting my business immediately.,Billing inquiry,Critical
Unsubscribe from service. I would like to cancel my subscription effective immediately. I need this resolved within the next day or two.,Cancellation request,High
"Please cancel my order. I want to stop my membership and not be charged again. Not blocking anything major, just want it addressed.",Cancellation request,Medium
Wrong amount charged. My subscription fee went up without any notice. This is impacting my work significantly.,Billing inquiry,High
"Refund on my bill. My invoice this month shows an extra charge I don't recognize. Not blocking anything major, just want it addressed.",Billing inquiry,Medium
"Refund status update. I'd like to request a refund for my recent order. Completely unusable, need this fixed today.",Refund request,Critical
"Payment not reflecting. My invoice this month shows an extra charge I don't recognize. This can wait, just curious about something.",Billing inquiry,Low
"Is this in stock. Does this product work with third-party accessories? Please prioritize this, it's important.",Product inquiry,High
"Product stopped responding. I can't log in even after resetting my password. This can wait, just curious about something.",Technical issue,Low
"Unsubscribe from service. Please cancel the order I placed yesterday before it ships. No rush at all, just a minor question.",Cancellation request,Low
End my service plan. Please cancel the order I placed yesterday before it ships. This is fairly urgent and needs attention soon.,Cancellation request,High
"Cannot log into my account. The software update keeps failing at 90 percent. This is extremely urgent, I need help right now.",Technical issue,Critical
Subscription price increased. My subscription fee went up without any notice. I need this resolved within the next day or two.,Billing inquiry,High
"Charged twice this month. Can you explain the charge on my account from last week? This is extremely urgent, I need help right now.",Billing inquiry,Critical
"Subscription price increased. I was charged $75.00 but my plan should cost $9.99. Whenever you get a chance, please look into this.",Billing inquiry,Medium
Cannot log into my account. The product suddenly stopped responding to any input. Please take a look when convenient.,Technical issue,Medium
"Stop my membership. Turn off auto-renewal on my account starting next cycle. Please prioritize this, it's important.",Cancellation request,High
"Cancel auto-renewal. Please cancel the order I placed yesterday before it ships. Low priority, just flagging for future reference.",Cancellation request,Low
"Billing cycle confusion. I need a copy of my invoice for accounting purposes. Completely unusable, need this fixed today.",Billing inquiry,Critical
"Compatibility question. What's the difference between the two models you offer? Just a small thing, not important.",Product inquiry,Low
"Cancel auto-renewal. I want to stop my membership and not be charged again. Please prioritize this, it's important.",Cancellation request,High
Subscription price increased. My invoice this month shows an extra charge I don't recognize. Please take a look when convenient.,Billing inquiry,Medium
"Wrong amount charged. Can you explain the charge on my account from last week? Low priority, just flagging for future reference.",Billing inquiry,Low
Return and refund. Please refund me since the product doesn't work as advertised. This is a critical issue affecting my business immediately.,Refund request,Critical
Want to cancel my subscription. Unsubscribe me from this service going forward. Please take a look when convenient.,Cancellation request,Medium
"Comparing two models. What colors and sizes does this item come in? Just a small thing, not important.",Product inquiry,Low
"Is this in stock. What colors and sizes does this item come in? This can wait, just curious about something.",Product inquiry,Low
"Device not turning on. I keep getting an error code when I start the program. This can wait, just curious about something.",Technical issue,Low
"Refund on my bill. I noticed a duplicate charge on my credit card statement. Low priority, just flagging for future reference.",Billing inquiry,Low
Bluetooth connection issue. The product suddenly stopped responding to any input. This is fairly urgent and needs attention soon.,Technical issue,High
"Wrong amount charged. I noticed a duplicate charge on my credit card statement. This can wait, just curious about something.",Billing inquiry,Low
"Refund for cancelled order. The item arrived damaged and I want my money back. Completely unusable, need this fixed today.",Refund request,Critical
"Want to cancel my subscription. I want to stop my membership and not be charged again. This is extremely urgent, I need help right now.",Cancellation request,Critical
"Question about product features. I'd like more details on the specifications before buying. No rush at all, just a minor question.",Product inquiry,Low
"Question about my invoice. My subscription fee went up without any notice. Emergency situation, please respond ASAP.",Billing inquiry,Critical
"Requesting a refund. Can you tell me the status of my refund request? This can wait, just curious about something.",Refund request,Low
"End my service plan. Unsubscribe me from this service going forward. This can wait, just curious about something.",Cancellation request,Low
"Need invoice copy. The billing statement doesn't match what I signed up for. No rush at all, just a minor question.",Billing inquiry,Low
"Requesting a refund. Please refund me since the product doesn't work as advertised. This is extremely urgent, I need help right now.",Refund request,Critical
Refund status update. This product isn't what was described on the website. Please take a look when convenient.,Refund request,Medium
"Refund for cancelled order. Can you tell me the status of my refund request? Whenever you get a chance, please look into this.",Refund request,Medium
Cancel auto-renewal. I'd like to terminate my account and delete my data. I need this resolved within the next day or two.,Cancellation request,High
Stop my membership. Please cancel the order I placed yesterday before it ships. I need this resolved within the next day or two.,Cancellation request,High
Stop my membership. Unsubscribe me from this service going forward. This is impacting my work significantly.,Cancellation request,High
"Please cancel my order. I'd like to terminate my account and delete my data. No rush at all, just a minor question.",Cancellation request,Low
Error message on startup. The product suddenly stopped responding to any input. This isn't urgent but I'd appreciate a response this week.,Technical issue,Medium
Billing cycle confusion. I need a copy of my invoice for accounting purposes. I need this resolved within the next day or two.,Billing inquiry,High
"Return and refund. My order was cancelled but I haven't received a refund yet. Completely unusable, need this fixed today.",Refund request,Critical
"Product not as described. I want to return this item and get a full refund. Emergency situation, please respond ASAP.",Refund request,Critical
Question about my invoice. The billing statement doesn't match what I signed up for. This is a critical issue affecting my business immediately.,Billing inquiry,Critical
"Refund for cancelled order. Please refund me since the product doesn't work as advertised. Not blocking anything major, just want it addressed.",Refund request,Medium
Question about my invoice. The billing statement doesn't match what I signed up for. This isn't urgent but I'd appreciate a response this week.,Billing inquiry,Medium
"Want my money back. Please refund me since the product doesn't work as advertised. This can wait, just curious about something.",Refund request,Low
"Device not turning on. My device won't turn on no matter what I try. Whenever you get a chance, please look into this.",Technical issue,Medium
"Payment not reflecting. I need a copy of my invoice for accounting purposes. This is extremely urgent, I need help right now.",Billing inquiry,Critical
Product specifications. I'd like more details on the specifications before buying. This is a critical issue affecting my business immediately.,Product inquiry,Critical
Payment not reflecting. The payment I made isn't showing up in my billing history. This is fairly urgent and needs attention soon.,Billing inquiry,High
Question about my invoice. I need a copy of my invoice for accounting purposes. I need this resolved within the next day or two.,Billing inquiry,High
"Return and refund. This product isn't what was described on the website. Please prioritize this, it's important.",Refund request,High
Product not as described. I'd like to request a refund for my recent order. This is a critical issue affecting my business immediately.,Refund request,Critical
"Error message on startup. I can't log in even after resetting my password. Please prioritize this, it's important.",Technical issue,High
"Unsubscribe from service. I want to stop my membership and not be charged again. Low priority, just flagging for future reference.",Cancellation request,Low
"Question about product features. What's the difference between the two models you offer? Just a small thing, not important.",Product inquiry,Low
Available colors and sizes. Does this product work with third-party accessories? This is impacting my work significantly.,Product inquiry,High
Charged twice this month. I was charged $120.50 but my plan should cost $19.00. I need this resolved within the next day or two.,Billing inquiry,High
Comparing two models. Is this item currently in stock and ready to ship? Please take a look when convenient.,Product inquiry,Medium
"Billing cycle confusion. I noticed a duplicate charge on my credit card statement. Low priority, just flagging for future reference.",Billing inquiry,Low
"Want my money back. I want to return this item and get a full refund. Please prioritize this, it's important.",Refund request,High
"Error message on startup. I keep getting an error code when I start the program. Completely unusable, need this fixed today.",Technical issue,Critical
"Requesting a refund. The item arrived damaged and I want my money back. This is extremely urgent, I need help right now.",Refund request,Critical
End my service plan. I would like to cancel my subscription effective immediately. This is fairly urgent and needs attention soon.,Cancellation request,High
Product specifications. What colors and sizes does this item come in? This is fairly urgent and needs attention soon.,Product inquiry,High
"Product specifications. I'd like more details on the specifications before buying. Please prioritize this, it's important.",Product inquiry,High
"Available colors and sizes. Can you tell me if this product is compatible with my setup? Completely unusable, need this fixed today.",Product inquiry,Critical
"Available colors and sizes. What's the difference between the two models you offer? This is extremely urgent, I need help right now.",Product inquiry,Critical
Bluetooth connection issue. I keep getting an error code when I start the program. This is impacting my work significantly.,Technical issue,High
"Want my money back. I want to return this item and get a full refund. This can wait, just curious about something.",Refund request,Low
"Comparing two models. What's the difference between the two models you offer? This is extremely urgent, I need help right now.",Product inquiry,Critical
Need invoice copy. Can you explain the charge on my account from last week? This isn't urgent but I'd appreciate a response this week.,Billing inquiry,Medium
"Bluetooth connection issue. I keep getting an error code when I start the program. This can wait, just curious about something.",Technical issue,Low
Does this support my device. I'm curious about the battery life and expected performance. Please take a look when convenient.,Product inquiry,Medium
"End my service plan. Please cancel the order I placed yesterday before it ships. This can wait, just curious about something.",Cancellation request,Low
Charged twice this month. Can you explain the charge on my account from last week? This isn't urgent but I'd appreciate a response this week.,Billing inquiry,Medium
End my service plan. Unsubscribe me from this service going forward. This is fairly urgent and needs attention soon.,Cancellation request,High
Available colors and sizes. Does the warranty cover accidental damage? This isn't urgent but I'd appreciate a response this week.,Product inquiry,Medium
"Subscription price increased. My invoice this month shows an extra charge I don't recognize. Just a small thing, not important.",Billing inquiry,Low
"Need invoice copy. I noticed a duplicate charge on my credit card statement. This can wait, just curious about something.",Billing inquiry,Low
"App keeps crashing. I can't log in even after resetting my password. This can wait, just curious about something.",Technical issue,Low
"Question about product features. Is this item currently in stock and ready to ship? No rush at all, just a minor question.",Product inquiry,Low
"Return and refund. Can you tell me the status of my refund request? This is extremely urgent, I need help right now.",Refund request,Critical
"Warranty coverage details. What colors and sizes does this item come in? No rush at all, just a minor question.",Product inquiry,Low
"Product not as described. The item arrived damaged and I want my money back. Not blocking anything major, just want it addressed.",Refund request,Medium
Question about product features. Does the warranty cover accidental damage? This is impacting my work significantly.,Product inquiry,High
Wrong amount charged. Can you explain the charge on my account from last week? This is impacting my work significantly.,Billing inquiry,High
"Software update failed. Bluetooth pairing fails every single time I attempt it. Not blocking anything major, just want it addressed.",Technical issue,Medium
"Unsubscribe from service. I'd like to terminate my account and delete my data. Emergency situation, please respond ASAP.",Cancellation request,Critical
"Charged twice this month. My subscription fee went up without any notice. Not blocking anything major, just want it addressed.",Billing inquiry,Medium
"Cancel auto-renewal. Turn off auto-renewal on my account starting next cycle. This is extremely urgent, I need help right now.",Cancellation request,Critical
Cannot log into my account. The product suddenly stopped responding to any input. Please take a look when convenient.,Technical issue,Medium
Stop my membership. Please cancel the order I placed yesterday before it ships. Please take a look when convenient.,Cancellation request,Medium
Want to cancel my subscription. Please cancel the order I placed yesterday before it ships. This is a critical issue affecting my business immediately.,Cancellation request,Critical
"Requesting a refund. I'm not satisfied with this purchase and want a refund. Just a small thing, not important.",Refund request,Low
"Warranty coverage details. Is this item currently in stock and ready to ship? Completely unusable, need this fixed today.",Product inquiry,Critical
"Cannot log into my account. The app crashes every time I try to open the settings page. Low priority, just flagging for future reference.",Technical issue,Low
"Product specifications. What's the difference between the two models you offer? No rush at all, just a minor question.",Product inquiry,Low
Please cancel my order. Please cancel the order I placed yesterday before it ships. This is impacting my work significantly.,Cancellation request,High
"App keeps crashing. Data isn't syncing between my phone and the app. Emergency situation, please respond ASAP.",Technical issue,Critical
"Cancel auto-renewal. I want to stop my membership and not be charged again. Just a small thing, not important.",Cancellation request,Low
Refund for cancelled order. I'd like to request a refund for my recent order. This is fairly urgent and needs attention soon.,Refund request,High
"Please cancel my order. Unsubscribe me from this service going forward. This can wait, just curious about something.",Cancellation request,Low
"Terminate my account. Please process a cancellation for my recent purchase. Completely unusable, need this fixed today.",Cancellation request,Critical
"Sync not working. Data isn't syncing between my phone and the app. This is extremely urgent, I need help right now.",Technical issue,Critical
"Product stopped responding. I keep getting an error code when I start the program. Just a small thing, not important.",Technical issue,Low
Compatibility question. Is this item currently in stock and ready to ship? I need this resolved within the next day or two.,Product inquiry,High
"Warranty coverage details. What colors and sizes does this item come in? Just a small thing, not important.",Product inquiry,Low
"Cancel recent purchase. I'd like to terminate my account and delete my data. Whenever you get a chance, please look into this.",Cancellation request,Medium
Device not turning on. My device won't turn on no matter what I try. This is fairly urgent and needs attention soon.,Technical issue,High
"App keeps crashing. I can't log in even after resetting my password. Completely unusable, need this fixed today.",Technical issue,Critical
Refund for cancelled order. My order was cancelled but I haven't received a refund yet. This isn't urgent but I'd appreciate a response this week.,Refund request,Medium
"Product stopped responding. My device won't turn on no matter what I try. Please prioritize this, it's important.",Technical issue,High
"Please cancel my order. Unsubscribe me from this service going forward. This is extremely urgent, I need help right now.",Cancellation request,Critical
"Terminate my account. Unsubscribe me from this service going forward. Please prioritize this, it's important.",Cancellation request,High
End my service plan. Turn off auto-renewal on my account starting next cycle. This is impacting my work significantly.,Cancellation request,High
Unsubscribe from service. Please process a cancellation for my recent purchase. This is impacting my work significantly.,Cancellation request,High
"Terminate my account. I would like to cancel my subscription effective immediately. Just a small thing, not important.",Cancellation request,Low
"Does this support my device. I'm curious about the battery life and expected performance. Please prioritize this, it's important.",Product inquiry,High
Warranty coverage details. Can you tell me if this product is compatible with my setup? This isn't urgent but I'd appreciate a response this week.,Product inquiry,Medium
"Want my money back. My order was cancelled but I haven't received a refund yet. Emergency situation, please respond ASAP.",Refund request,Critical
"Refund for cancelled order. My order was cancelled but I haven't received a refund yet. Please prioritize this, it's important.",Refund request,High
"Return and refund. My order was cancelled but I haven't received a refund yet. Not blocking anything major, just want it addressed.",Refund request,Medium
"Unsubscribe from service. I want to stop my membership and not be charged again. Whenever you get a chance, please look into this.",Cancellation request,Medium
Payment not reflecting. Can you explain the charge on my account from last week? This is impacting my work significantly.,Billing inquiry,High
End my service plan. I would like to cancel my subscription effective immediately. This is impacting my work significantly.,Cancellation request,High
"Product specifications. Is this item currently in stock and ready to ship? Emergency situation, please respond ASAP.",Product inquiry,Critical
"Device not turning on. I can't log in even after resetting my password. No rush at all, just a minor question.",Technical issue,Low
"Comparing two models. What's the difference between the two models you offer? Just a small thing, not important.",Product inquiry,Low
Question about my invoice. The billing statement doesn't match what I signed up for. This is impacting my work significantly.,Billing inquiry,High
"Wrong amount charged. The payment I made isn't showing up in my billing history. Emergency situation, please respond ASAP.",Billing inquiry,Critical
"Want to cancel my subscription. Please cancel the order I placed yesterday before it ships. Just a small thing, not important.",Cancellation request,Low
"Item arrived damaged. I want to return this item and get a full refund. Please prioritize this, it's important.",Refund request,High
"Cancel auto-renewal. I want to stop my membership and not be charged again. No rush at all, just a minor question.",Cancellation request,Low
Product stopped responding. I keep getting an error code when I start the program. This isn't urgent but I'd appreciate a response this week.,Technical issue,Medium
"Refund for cancelled order. I'd like to request a refund for my recent order. Emergency situation, please respond ASAP.",Refund request,Critical
Billing cycle confusion. I need a copy of my invoice for accounting purposes. This is fairly urgent and needs attention soon.,Billing inquiry,High
"Error message on startup. The app crashes every time I try to open the settings page. Please prioritize this, it's important.",Technical issue,High
"Cancel auto-renewal. Please process a cancellation for my recent purchase. Low priority, just flagging for future reference.",Cancellation request,Low
Please cancel my order. I want to stop my membership and not be charged again. Please take a look when convenient.,Cancellation request,Medium
Cancel auto-renewal. Turn off auto-renewal on my account starting next cycle. Please take a look when convenient.,Cancellation request,Medium
"Unhappy with purchase. This product isn't what was described on the website. Please prioritize this, it's important.",Refund request,High
"Device not turning on. The app crashes every time I try to open the settings page. Not blocking anything major, just want it addressed.",Technical issue,Medium
Unhappy with purchase. I want to return this item and get a full refund. This is a critical issue affecting my business immediately.,Refund request,Critical
"Available colors and sizes. Can you tell me if this product is compatible with my setup? No rush at all, just a minor question.",Product inquiry,Low
Bluetooth connection issue. My device won't turn on no matter what I try. This isn't urgent but I'd appreciate a response this week.,Technical issue,Medium
"Question about my invoice. I was charged $120.50 but my plan should cost $9.99. This is extremely urgent, I need help right now.",Billing inquiry,Critical
Question about my invoice. I need a copy of my invoice for accounting purposes. Please take a look when convenient.,Billing inquiry,Medium
"Terminate my account. Please process a cancellation for my recent purchase. This can wait, just curious about something.",Cancellation request,Low
Refund on my bill. My subscription fee went up without any notice. Please take a look when convenient.,Billing inquiry,Medium
Product not as described. This product isn't what was described on the website. This isn't urgent but I'd appreciate a response this week.,Refund request,Medium
Want to cancel my subscription. Turn off auto-renewal on my account starting next cycle. This is fairly urgent and needs attention soon.,Cancellation request,High
"Available colors and sizes. Can you tell me if this product is compatible with my setup? Just a small thing, not important.",Product inquiry,Low
"Is this in stock. What's the difference between the two models you offer? Just a small thing, not important.",Product inquiry,Low
"Available colors and sizes. I'm curious about the battery life and expected performance. Completely unusable, need this fixed today.",Product inquiry,Critical
"Want my money back. I want to return this item and get a full refund. Just a small thing, not important.",Refund request,Low
Cannot log into my account. I can't log in even after resetting my password. This is a critical issue affecting my business immediately.,Technical issue,Critical
Charged twice this month. I was charged $75.00 but my plan should cost $75.00. I need this resolved within the next day or two.,Billing inquiry,High
"Question about my invoice. My invoice this month shows an extra charge I don't recognize. This is extremely urgent, I need help right now.",Billing inquiry,Critical
"Is this in stock. Does the warranty cover accidental damage? Whenever you get a chance, please look into this.",Product inquiry,Medium
Refund for cancelled order. The item arrived damaged and I want my money back. This is a critical issue affecting my business immediately.,Refund request,Critical
"Please cancel my order. I no longer need this service and want to end my plan. Not blocking anything major, just want it addressed.",Cancellation request,Medium
"Charged twice this month. The payment I made isn't showing up in my billing history. Low priority, just flagging for future reference.",Billing inquiry,Low
"Unsubscribe from service. I want to stop my membership and not be charged again. Emergency situation, please respond ASAP.",Cancellation request,Critical
App keeps crashing. My device won't turn on no matter what I try. This is a critical issue affecting my business immediately.,Technical issue,Critical
"Terminate my account. I would like to cancel my subscription effective immediately. Low priority, just flagging for future reference.",Cancellation request,Low
"Warranty coverage details. I'd like more details on the specifications before buying. This is extremely urgent, I need help right now.",Product inquiry,Critical
Please cancel my order. I would like to cancel my subscription effective immediately. Please take a look when convenient.,Cancellation request,Medium
"Bluetooth connection issue. My device won't turn on no matter what I try. Emergency situation, please respond ASAP.",Technical issue,Critical
Please cancel my order. I want to stop my membership and not be charged again. Please take a look when convenient.,Cancellation request,Medium
App keeps crashing. I can't log in even after resetting my password. I need this resolved within the next day or two.,Technical issue,High
"Charged twice this month. Can you explain the charge on my account from last week? Completely unusable, need this fixed today.",Billing inquiry,Critical
Cancel auto-renewal. I no longer need this service and want to end my plan. This isn't urgent but I'd appreciate a response this week.,Cancellation request,Medium
Compatibility question. I'm curious about the battery life and expected performance. This is a critical issue affecting my business immediately.,Product inquiry,Critical
Refund for cancelled order. Can you tell me the status of my refund request? This is a critical issue affecting my business immediately.,Refund request,Critical
"Stop my membership. Please cancel the order I placed yesterday before it ships. Just a small thing, not important.",Cancellation request,Low
Does this support my device. Does the warranty cover accidental damage? This is impacting my work significantly.,Product inquiry,High
Need invoice copy. I need a copy of my invoice for accounting purposes. Please take a look when convenient.,Billing inquiry,Medium
"Comparing two models. Does the warranty cover accidental damage? Just a small thing, not important.",Product inquiry,Low
Bluetooth connection issue. I keep getting an error code when I start the program. This isn't urgent but I'd appreciate a response this week.,Technical issue,Medium
"Terminate my account. I would like to cancel my subscription effective immediately. Not blocking anything major, just want it addressed.",Cancellation request,Medium
"Unsubscribe from service. Please process a cancellation for my recent purchase. Please prioritize this, it's important.",Cancellation request,High
"Terminate my account. Turn off auto-renewal on my account starting next cycle. Completely unusable, need this fixed today.",Cancellation request,Critical
"Product specifications. Can you tell me if this product is compatible with my setup? Low priority, just flagging for future reference.",Product inquiry,Low
Refund for cancelled order. I want to return this item and get a full refund. Please take a look when convenient.,Refund request,Medium
Compatibility question. I'd like more details on the specifications before buying. I need this resolved within the next day or two.,Product inquiry,High
"Cancel recent purchase. I want to stop my membership and not be charged again. Just a small thing, not important.",Cancellation request,Low
"Unhappy with purchase. Please refund me since the product doesn't work as advertised. Please prioritize this, it's important.",Refund request,High
Stop my membership. I want to stop my membership and not be charged again. This is a critical issue affecting my business immediately.,Cancellation request,Critical
Stop my membership. Turn off auto-renewal on my account starting next cycle. I need this resolved within the next day or two.,Cancellation request,High
Want to cancel my subscription. I want to stop my membership and not be charged again. This is a critical issue affecting my business immediately.,Cancellation request,Critical
"Device not turning on. The app crashes every time I try to open the settings page. Please prioritize this, it's important.",Technical issue,High
"Subscription price increased. Can you explain the charge on my account from last week? This can wait, just curious about something.",Billing inquiry,Low
Billing cycle confusion. I was charged $49.99 but my plan should cost $9.99. I need this resolved within the next day or two.,Billing inquiry,High
"Software update failed. My device won't turn on no matter what I try. Just a small thing, not important.",Technical issue,Low
"Cannot log into my account. My device won't turn on no matter what I try. Just a small thing, not important.",Technical issue,Low
Need invoice copy. My invoice this month shows an extra charge I don't recognize. This isn't urgent but I'd appreciate a response this week.,Billing inquiry,Medium
"Cancel recent purchase. I want to stop my membership and not be charged again. Not blocking anything major, just want it addressed.",Cancellation request,Medium
"Product not as described. I'd like to request a refund for my recent order. Emergency situation, please respond ASAP.",Refund request,Critical
"Does this support my device. Can you tell me if this product is compatible with my setup? This is extremely urgent, I need help right now.",Product inquiry,Critical
"Product specifications. I'm curious about the battery life and expected performance. No rush at all, just a minor question.",Product inquiry,Low
"Cannot log into my account. The app crashes every time I try to open the settings page. Low priority, just flagging for future reference.",Technical issue,Low
Subscription price increased. My subscription fee went up without any notice. This isn't urgent but I'd appreciate a response this week.,Billing inquiry,Medium
"Cancel auto-renewal. I would like to cancel my subscription effective immediately. Emergency situation, please respond ASAP.",Cancellation request,Critical
"Comparing two models. Does this product work with third-party accessories? Not blocking anything major, just want it addressed.",Product inquiry,Medium
"Unhappy with purchase. I want to return this item and get a full refund. This is extremely urgent, I need help right now.",Refund request,Critical
"Subscription price increased. I need a copy of my invoice for accounting purposes. Just a small thing, not important.",Billing inquiry,Low
"Question about my invoice. My invoice this month shows an extra charge I don't recognize. Just a small thing, not important.",Billing inquiry,Low
Cannot log into my account. The software update keeps failing at 90 percent. This is a critical issue affecting my business immediately.,Technical issue,Critical
"Unhappy with purchase. Please refund me since the product doesn't work as advertised. Whenever you get a chance, please look into this.",Refund request,Medium
Question about product features. I'm curious about the battery life and expected performance. This is fairly urgent and needs attention soon.,Product inquiry,High
"Cancel auto-renewal. I would like to cancel my subscription effective immediately. Just a small thing, not important.",Cancellation request,Low
"Does this support my device. Does the warranty cover accidental damage? Low priority, just flagging for future reference.",Product inquiry,Low
End my service plan. Unsubscribe me from this service going forward. Please take a look when convenient.,Cancellation request,Medium
"Need invoice copy. The payment I made isn't showing up in my billing history. Completely unusable, need this fixed today.",Billing inquiry,Critical
"Cancel auto-renewal. I want to stop my membership and not be charged again. Completely unusable, need this fixed today.",Cancellation request,Critical
"Device not turning on. The software update keeps failing at 90 percent. This is extremely urgent, I need help right now.",Technical issue,Critical
"Sync not working. I can't log in even after resetting my password. Please prioritize this, it's important.",Technical issue,High
"Terminate my account. Please cancel the order I placed yesterday before it ships. No rush at all, just a minor question.",Cancellation request,Low
"Item arrived damaged. I want to return this item and get a full refund. Just a small thing, not important.",Refund request,Low
Unsubscribe from service. I'd like to terminate my account and delete my data. This is impacting my work significantly.,Cancellation request,High
"Error message on startup. I can't log in even after resetting my password. Whenever you get a chance, please look into this.",Technical issue,Medium
"Comparing two models. I'm curious about the battery life and expected performance. Just a small thing, not important.",Product inquiry,Low
"Cancel recent purchase. Please cancel the order I placed yesterday before it ships. Emergency situation, please respond ASAP.",Cancellation request,Critical
Bluetooth connection issue. My device won't turn on no matter what I try. This isn't urgent but I'd appreciate a response this week.,Technical issue,Medium
Billing cycle confusion. The payment I made isn't showing up in my billing history. Please take a look when convenient.,Billing inquiry,Medium
Cannot log into my account. My device won't turn on no matter what I try. Please take a look when convenient.,Technical issue,Medium
Want my money back. My order was cancelled but I haven't received a refund yet. This is fairly urgent and needs attention soon.,Refund request,High
Want to cancel my subscription. I would like to cancel my subscription effective immediately. This is impacting my work significantly.,Cancellation request,High
Cannot log into my account. I can't log in even after resetting my password. This is impacting my work significantly.,Technical issue,High
Unhappy with purchase. My order was cancelled but I haven't received a refund yet. This isn't urgent but I'd appreciate a response this week.,Refund request,Medium
"Billing cycle confusion. I was charged $120.50 but my plan should cost $9.99. Whenever you get a chance, please look into this.",Billing inquiry,Medium
Cancel recent purchase. Unsubscribe me from this service going forward. I need this resolved within the next day or two.,Cancellation request,High
Refund for cancelled order. My order was cancelled but I haven't received a refund yet. This is a critical issue affecting my business immediately.,Refund request,Critical
"Unhappy with purchase. I want to return this item and get a full refund. Emergency situation, please respond ASAP.",Refund request,Critical
Cancel auto-renewal. I want to stop my membership and not be charged again. Please take a look when convenient.,Cancellation request,Medium
"Error message on startup. The software update keeps failing at 90 percent. Low priority, just flagging for future reference.",Technical issue,Low
Billing cycle confusion. The payment I made isn't showing up in my billing history. This is impacting my work significantly.,Billing inquiry,High
Product stopped responding. I can't log in even after resetting my password. This isn't urgent but I'd appreciate a response this week.,Technical issue,Medium
Subscription price increased. My invoice this month shows an extra charge I don't recognize. I need this resolved within the next day or two.,Billing inquiry,High
"Warranty coverage details. Is this item currently in stock and ready to ship? Completely unusable, need this fixed today.",Product inquiry,Critical
"Is this in stock. What colors and sizes does this item come in? Not blocking anything major, just want it addressed.",Product inquiry,Medium
"Error message on startup. The product suddenly stopped responding to any input. This is extremely urgent, I need help right now.",Technical issue,Critical
Refund status update. The item arrived damaged and I want my money back. This isn't urgent but I'd appreciate a response this week.,Refund request,Medium
Refund status update. Can you tell me the status of my refund request? Please take a look when convenient.,Refund request,Medium
Cannot log into my account. Data isn't syncing between my phone and the app. This is a critical issue affecting my business immediately.,Technical issue,Critical
"Cancel recent purchase. I want to stop my membership and not be charged again. Just a small thing, not important.",Cancellation request,Low
"Subscription price increased. The payment I made isn't showing up in my billing history. Just a small thing, not important.",Billing inquiry,Low
"Stop my membership. I'd like to terminate my account and delete my data. Completely unusable, need this fixed today.",Cancellation request,Critical
"Compatibility question. Can you tell me if this product is compatible with my setup? No rush at all, just a minor question.",Product inquiry,Low
Refund on my bill. I was charged $120.50 but my plan should cost $19.00. This is a critical issue affecting my business immediately.,Billing inquiry,Critical
"Need invoice copy. I noticed a duplicate charge on my credit card statement. This can wait, just curious about something.",Billing inquiry,Low
"Item arrived damaged. I'd like to request a refund for my recent order. Emergency situation, please respond ASAP.",Refund request,Critical
"Cancel recent purchase. I want to stop my membership and not be charged again. Completely unusable, need this fixed today.",Cancellation request,Critical
Software update failed. My device won't turn on no matter what I try. This is impacting my work significantly.,Technical issue,High
"Stop my membership. Please process a cancellation for my recent purchase. This is extremely urgent, I need help right now.",Cancellation request,Critical
End my service plan. I would like to cancel my subscription effective immediately. This is impacting my work significantly.,Cancellation request,High
"Product not as described. I'm not satisfied with this purchase and want a refund. Emergency situation, please respond ASAP.",Refund request,Critical
"Want to cancel my subscription. I'd like to terminate my account and delete my data. Completely unusable, need this fixed today.",Cancellation request,Critical
"Does this support my device. I'd like more details on the specifications before buying. Just a small thing, not important.",Product inquiry,Low
"Comparing two models. What's the difference between the two models you offer? Please prioritize this, it's important.",Product inquiry,High
"Requesting a refund. Please refund me since the product doesn't work as advertised. Low priority, just flagging for future reference.",Refund request,Low
Software update failed. My device won't turn on no matter what I try. This isn't urgent but I'd appreciate a response this week.,Technical issue,Medium
"Refund on my bill. I was charged $49.99 but my plan should cost $120.50. Whenever you get a chance, please look into this.",Billing inquiry,Medium
Bluetooth connection issue. The app crashes every time I try to open the settings page. Please take a look when convenient.,Technical issue,Medium
"Want my money back. The item arrived damaged and I want my money back. This is extremely urgent, I need help right now.",Refund request,Critical
"Refund on my bill. My invoice this month shows an extra charge I don't recognize. Emergency situation, please respond ASAP.",Billing inquiry,Critical
Device not turning on. Bluetooth pairing fails every single time I attempt it. This is impacting my work significantly.,Technical issue,High
"Software update failed. The app crashes every time I try to open the settings page. No rush at all, just a minor question.",Technical issue,Low
Need invoice copy. My subscription fee went up without any notice. This is a critical issue affecting my business immediately.,Billing inquiry,Critical
Unsubscribe from service. Please process a cancellation for my recent purchase. This is fairly urgent and needs attention soon.,Cancellation request,High
"Compatibility question. I'd like more details on the specifications before buying. Just a small thing, not important.",Product inquiry,Low
"Requesting a refund. I'd like to request a refund for my recent order. Not blocking anything major, just want it addressed.",Refund request,Medium
Cancel auto-renewal. Please process a cancellation for my recent purchase. I need this resolved within the next day or two.,Cancellation request,High
"Return and refund. Can you tell me the status of my refund request? Please prioritize this, it's important.",Refund request,High
"Question about my invoice. The billing statement doesn't match what I signed up for. No rush at all, just a minor question.",Billing inquiry,Low
Cancel recent purchase. Turn off auto-renewal on my account starting next cycle. I need this resolved within the next day or two.,Cancellation request,High
"Comparing two models. What colors and sizes does this item come in? Emergency situation, please respond ASAP.",Product inquiry,Critical
"Does this support my device. Does the warranty cover accidental damage? Not blocking anything major, just want it addressed.",Product inquiry,Medium
"Compatibility question. I'm curious about the battery life and expected performance. Not blocking anything major, just want it addressed.",Product inquiry,Medium
Device not turning on. My device won't turn on no matter what I try. This is a critical issue affecting my business immediately.,Technical issue,Critical
Item arrived damaged. Can you tell me the status of my refund request? This is fairly urgent and needs attention soon.,Refund request,High
Please cancel my order. I want to stop my membership and not be charged again. I need this resolved within the next day or two.,Cancellation request,High
Billing cycle confusion. Can you explain the charge on my account from last week? This isn't urgent but I'd appreciate a response this week.,Billing inquiry,Medium
"Product specifications. What's the difference between the two models you offer? This is extremely urgent, I need help right now.",Product inquiry,Critical
"Requesting a refund. I'm not satisfied with this purchase and want a refund. Low priority, just flagging for future reference.",Refund request,Low
"Requesting a refund. I want to return this item and get a full refund. Completely unusable, need this fixed today.",Refund request,Critical
Unsubscribe from service. I want to stop my membership and not be charged again. I need this resolved within the next day or two.,Cancellation request,High
Sync not working. My device won't turn on no matter what I try. This isn't urgent but I'd appreciate a response this week.,Technical issue,Medium
End my service plan. I want to stop my membership and not be charged again. This is a critical issue affecting my business immediately.,Cancellation request,Critical
"Comparing two models. I'd like more details on the specifications before buying. Low priority, just flagging for future reference.",Product inquiry,Low
Refund status update. I'm not satisfied with this purchase and want a refund. This is a critical issue affecting my business immediately.,Refund request,Critical
Compatibility question. I'm curious about the battery life and expected performance. This is a critical issue affecting my business immediately.,Product inquiry,Critical
"Software update failed. Bluetooth pairing fails every single time I attempt it. This can wait, just curious about something.",Technical issue,Low
"Error message on startup. The app crashes every time I try to open the settings page. Not blocking anything major, just want it addressed.",Technical issue,Medium
"Available colors and sizes. I'm curious about the battery life and expected performance. Completely unusable, need this fixed today.",Product inquiry,Critical
"Is this in stock. Does this product work with third-party accessories? This can wait, just curious about something.",Product inquiry,Low
"Stop my membership. I want to stop my membership and not be charged again. Emergency situation, please respond ASAP.",Cancellation request,Critical
"App keeps crashing. The product suddenly stopped responding to any input. Low priority, just flagging for future reference.",Technical issue,Low
"Product stopped responding. The app crashes every time I try to open the settings page. Just a small thing, not important.",Technical issue,Low
"Comparing two models. What's the difference between the two models you offer? This can wait, just curious about something.",Product inquiry,Low
Requesting a refund. I'd like to request a refund for my recent order. This isn't urgent but I'd appreciate a response this week.,Refund request,Medium
Question about product features. Does the warranty cover accidental damage? This is impacting my work significantly.,Product inquiry,High
"Unsubscribe from service. Please cancel the order I placed yesterday before it ships. This is extremely urgent, I need help right now.",Cancellation request,Critical
"Refund on my bill. My invoice this month shows an extra charge I don't recognize. No rush at all, just a minor question.",Billing inquiry,Low
"Want to cancel my subscription. Please process a cancellation for my recent purchase. No rush at all, just a minor question.",Cancellation request,Low
"Available colors and sizes. Can you tell me if this product is compatible with my setup? Low priority, just flagging for future reference.",Product inquiry,Low
"Cancel recent purchase. Turn off auto-renewal on my account starting next cycle. Completely unusable, need this fixed today.",Cancellation request,Critical
"Refund on my bill. The payment I made isn't showing up in my billing history. Low priority, just flagging for future reference.",Billing inquiry,Low
"Error message on startup. I keep getting an error code when I start the program. Please prioritize this, it's important.",Technical issue,High
"Refund for cancelled order. I'd like to request a refund for my recent order. This is extremely urgent, I need help right now.",Refund request,Critical
Bluetooth connection issue. My device won't turn on no matter what I try. This is fairly urgent and needs attention soon.,Technical issue,High
Sync not working. The product suddenly stopped responding to any input. This is impacting my work significantly.,Technical issue,High
"Charged twice this month. I noticed a duplicate charge on my credit card statement. No rush at all, just a minor question.",Billing inquiry,Low
Product stopped responding. The product suddenly stopped responding to any input. I need this resolved within the next day or two.,Technical issue,High
"Stop my membership. Unsubscribe me from this service going forward. Just a small thing, not important.",Cancellation request,Low
End my service plan. I would like to cancel my subscription effective immediately. This is impacting my work significantly.,Cancellation request,High
"Want to cancel my subscription. I want to stop my membership and not be charged again. Please prioritize this, it's important.",Cancellation request,High
Payment not reflecting. Can you explain the charge on my account from last week? This is a critical issue affecting my business immediately.,Billing inquiry,Critical
"Product not as described. Can you tell me the status of my refund request? Please prioritize this, it's important.",Refund request,High
Unsubscribe from service. I want to stop my membership and not be charged again. Please take a look when convenient.,Cancellation request,Medium
Stop my membership. I want to stop my membership and not be charged again. This is a critical issue affecting my business immediately.,Cancellation request,Critical
"Please cancel my order. I'd like to terminate my account and delete my data. Not blocking anything major, just want it addressed.",Cancellation request,Medium
"Warranty coverage details. What's the difference between the two models you offer? Whenever you get a chance, please look into this.",Product inquiry,Medium
Want my money back. Please refund me since the product doesn't work as advertised. This is impacting my work significantly.,Refund request,High
Billing cycle confusion. I need a copy of my invoice for accounting purposes. I need this resolved within the next day or two.,Billing inquiry,High
"Please cancel my order. Unsubscribe me from this service going forward. Emergency situation, please respond ASAP.",Cancellation request,Critical
"Product not as described. The item arrived damaged and I want my money back. Please prioritize this, it's important.",Refund request,High
"Billing cycle confusion. Can you explain the charge on my account from last week? Completely unusable, need this fixed today.",Billing inquiry,Critical
"Does this support my device. Does this product work with third-party accessories? This is extremely urgent, I need help right now.",Product inquiry,Critical
Item arrived damaged. My order was cancelled but I haven't received a refund yet. This is impacting my work significantly.,Refund request,High
Device not turning on. The product suddenly stopped responding to any input. I need this resolved within the next day or two.,Technical issue,High
"Please cancel my order. Turn off auto-renewal on my account starting next cycle. This can wait, just curious about something.",Cancellation request,Low
Question about product features. What colors and sizes does this item come in? I need this resolved within the next day or two.,Product inquiry,High
"Want to cancel my subscription. I no longer need this service and want to end my plan. Whenever you get a chance, please look into this.",Cancellation request,Medium
Refund for cancelled order. I'm not satisfied with this purchase and want a refund. This is fairly urgent and needs attention soon.,Refund request,High
"Billing cycle confusion. The billing statement doesn't match what I signed up for. Whenever you get a chance, please look into this.",Billing inquiry,Medium
Comparing two models. What colors and sizes does this item come in? I need this resolved within the next day or two.,Product inquiry,High
Need invoice copy. Can you explain the charge on my account from last week? I need this resolved within the next day or two.,Billing inquiry,High
"Wrong amount charged. The billing statement doesn't match what I signed up for. Not blocking anything major, just want it addressed.",Billing inquiry,Medium
"Available colors and sizes. What's the difference between the two models you offer? Emergency situation, please respond ASAP.",Product inquiry,Critical
Comparing two models. I'd like more details on the specifications before buying. This isn't urgent but I'd appreciate a response this week.,Product inquiry,Medium
"Cannot log into my account. The app crashes every time I try to open the settings page. Not blocking anything major, just want it addressed.",Technical issue,Medium
Payment not reflecting. Can you explain the charge on my account from last week? This isn't urgent but I'd appreciate a response this week.,Billing inquiry,Medium
Product specifications. What colors and sizes does this item come in? This is fairly urgent and needs attention soon.,Product inquiry,High
"Terminate my account. I would like to cancel my subscription effective immediately. No rush at all, just a minor question.",Cancellation request,Low
Please cancel my order. I would like to cancel my subscription effective immediately. This is impacting my work significantly.,Cancellation request,High
Compatibility question. Is this item currently in stock and ready to ship? Please take a look when convenient.,Product inquiry,Medium
"Product specifications. What's the difference between the two models you offer? Not blocking anything major, just want it addressed.",Product inquiry,Medium
Product stopped responding. The product suddenly stopped responding to any input. This is impacting my work significantly.,Technical issue,High
"Terminate my account. Please cancel the order I placed yesterday before it ships. Emergency situation, please respond ASAP.",Cancellation request,Critical
Sync not working. Bluetooth pairing fails every single time I attempt it. This isn't urgent but I'd appreciate a response this week.,Technical issue,Medium
Device not turning on. My device won't turn on no matter what I try. Please take a look when convenient.,Technical issue,Medium
Sync not working. The product suddenly stopped responding to any input. I need this resolved within the next day or two.,Technical issue,High
"Question about my invoice. I noticed a duplicate charge on my credit card statement. Emergency situation, please respond ASAP.",Billing inquiry,Critical
"Need invoice copy. My invoice this month shows an extra charge I don't recognize. Please prioritize this, it's important.",Billing inquiry,High
"Software update failed. The app crashes every time I try to open the settings page. This can wait, just curious about something.",Technical issue,Low
"Refund on my bill. I noticed a duplicate charge on my credit card statement. This is extremely urgent, I need help right now.",Billing inquiry,Critical
"Please cancel my order. I would like to cancel my subscription effective immediately. Completely unusable, need this fixed today.",Cancellation request,Critical
"Stop my membership. Unsubscribe me from this service going forward. Just a small thing, not important.",Cancellation request,Low
"Product not as described. The item arrived damaged and I want my money back. Completely unusable, need this fixed today.",Refund request,Critical
Product stopped responding. Data isn't syncing between my phone and the app. This is a critical issue affecting my business immediately.,Technical issue,Critical
"Cancel auto-renewal. I'd like to terminate my account and delete my data. Whenever you get a chance, please look into this.",Cancellation request,Medium
"App keeps crashing. The product suddenly stopped responding to any input. This can wait, just curious about something.",Technical issue,Low
Cancel recent purchase. Unsubscribe me from this service going forward. This is fairly urgent and needs attention soon.,Cancellation request,High
Product specifications. I'd like more details on the specifications before buying. This is impacting my work significantly.,Product inquiry,High
Product specifications. What colors and sizes does this item come in? This is a critical issue affecting my business immediately.,Product inquiry,Critical
Need invoice copy. My invoice this month shows an extra charge I don't recognize. This is fairly urgent and needs attention soon.,Billing inquiry,High
Question about product features. Does the warranty cover accidental damage? This is fairly urgent and needs attention soon.,Product inquiry,High
"Please cancel my order. Turn off auto-renewal on my account starting next cycle. Not blocking anything major, just want it addressed.",Cancellation request,Medium
"Error message on startup. The app crashes every time I try to open the settings page. Low priority, just flagging for future reference.",Technical issue,Low
Subscription price increased. My subscription fee went up without any notice. I need this resolved within the next day or two.,Billing inquiry,High
Stop my membership. Please cancel the order I placed yesterday before it ships. Please take a look when convenient.,Cancellation request,Medium
"Stop my membership. I want to stop my membership and not be charged again. Whenever you get a chance, please look into this.",Cancellation request,Medium
"Product specifications. Does this product work with third-party accessories? Whenever you get a chance, please look into this.",Product inquiry,Medium
"Bluetooth connection issue. The app crashes every time I try to open the settings page. No rush at all, just a minor question.",Technical issue,Low
"Error message on startup. The product suddenly stopped responding to any input. Whenever you get a chance, please look into this.",Technical issue,Medium
"Comparing two models. I'm curious about the battery life and expected performance. Completely unusable, need this fixed today.",Product inquiry,Critical
Sync not working. The app crashes every time I try to open the settings page. I need this resolved within the next day or two.,Technical issue,High
Return and refund. I'm not satisfied with this purchase and want a refund. This is a critical issue affecting my business immediately.,Refund request,Critical
"Billing cycle confusion. I need a copy of my invoice for accounting purposes. Just a small thing, not important.",Billing inquiry,Low
Charged twice this month. The payment I made isn't showing up in my billing history. Please take a look when convenient.,Billing inquiry,Medium
Comparing two models. I'd like more details on the specifications before buying. I need this resolved within the next day or two.,Product inquiry,High
"Available colors and sizes. Is this item currently in stock and ready to ship? Not blocking anything major, just want it addressed.",Product inquiry,Medium
"Requesting a refund. I'm not satisfied with this purchase and want a refund. Emergency situation, please respond ASAP.",Refund request,Critical
"Cancel recent purchase. Please cancel the order I placed yesterday before it ships. This can wait, just curious about something.",Cancellation request,Low
Please cancel my order. Turn off auto-renewal on my account starting next cycle. I need this resolved within the next day or two.,Cancellation request,High
"Item arrived damaged. This product isn't what was described on the website. Low priority, just flagging for future reference.",Refund request,Low
"Charged twice this month. I noticed a duplicate charge on my credit card statement. Please prioritize this, it's important.",Billing inquiry,High
"Does this support my device. Does the warranty cover accidental damage? Emergency situation, please respond ASAP.",Product inquiry,Critical
Terminate my account. Turn off auto-renewal on my account starting next cycle. This is a critical issue affecting my business immediately.,Cancellation request,Critical
"Unhappy with purchase. Can you tell me the status of my refund request? Please prioritize this, it's important.",Refund request,High
"Product not as described. The item arrived damaged and I want my money back. Low priority, just flagging for future reference.",Refund request,Low
Bluetooth connection issue. The software update keeps failing at 90 percent. This is fairly urgent and needs attention soon.,Technical issue,High
"Need invoice copy. The billing statement doesn't match what I signed up for. Whenever you get a chance, please look into this.",Billing inquiry,Medium
"Charged twice this month. The billing statement doesn't match what I signed up for. Not blocking anything major, just want it addressed.",Billing inquiry,Medium
Software update failed. My device won't turn on no matter what I try. This is fairly urgent and needs attention soon.,Technical issue,High
Refund for cancelled order. This product isn't what was described on the website. This is a critical issue affecting my business immediately.,Refund request,Critical
"Want my money back. I'd like to request a refund for my recent order. No rush at all, just a minor question.",Refund request,Low
"Product not as described. I'd like to request a refund for my recent order. Low priority, just flagging for future reference.",Refund request,Low
Product not as described. I'd like to request a refund for my recent order. This isn't urgent but I'd appreciate a response this week.,Refund request,Medium
Device not turning on. The software update keeps failing at 90 percent. This isn't urgent but I'd appreciate a response this week.,Technical issue,Medium
"Available colors and sizes. Does the warranty cover accidental damage? Emergency situation, please respond ASAP.",Product inquiry,Critical
"Device not turning on. I keep getting an error code when I start the program. This is extremely urgent, I need help right now.",Technical issue,Critical
"Subscription price increased. The payment I made isn't showing up in my billing history. Low priority, just flagging for future reference.",Billing inquiry,Low
"Comparing two models. What colors and sizes does this item come in? No rush at all, just a minor question.",Product inquiry,Low
"Warranty coverage details. I'd like more details on the specifications before buying. Completely unusable, need this fixed today.",Product inquiry,Critical
Billing cycle confusion. The payment I made isn't showing up in my billing history. This is a critical issue affecting my business immediately.,Billing inquiry,Critical
Available colors and sizes. Is this item currently in stock and ready to ship? I need this resolved within the next day or two.,Product inquiry,High
Return and refund. Please refund me since the product doesn't work as advertised. Please take a look when convenient.,Refund request,Medium
Bluetooth connection issue. Bluetooth pairing fails every single time I attempt it. This isn't urgent but I'd appreciate a response this week.,Technical issue,Medium
"App keeps crashing. I keep getting an error code when I start the program. Low priority, just flagging for future reference.",Technical issue,Low
"Want my money back. My order was cancelled but I haven't received a refund yet. Emergency situation, please respond ASAP.",Refund request,Critical
Terminate my account. I no longer need this service and want to end my plan. This is fairly urgent and needs attention soon.,Cancellation request,High
Want my money back. I'd like to request a refund for my recent order. Please take a look when convenient.,Refund request,Medium
"End my service plan. Turn off auto-renewal on my account starting next cycle. This is extremely urgent, I need help right now.",Cancellation request,Critical
"Unhappy with purchase. My order was cancelled but I haven't received a refund yet. No rush at all, just a minor question.",Refund request,Low
"Charged twice this month. Can you explain the charge on my account from last week? Whenever you get a chance, please look into this.",Billing inquiry,Medium
Unsubscribe from service. I would like to cancel my subscription effective immediately. This is fairly urgent and needs attention soon.,Cancellation request,High
Product not as described. This product isn't what was described on the website. I need this resolved within the next day or two.,Refund request,High
Billing cycle confusion. I was charged $9.99 but my plan should cost $49.99. This isn't urgent but I'd appreciate a response this week.,Billing inquiry,Medium
Need invoice copy. The payment I made isn't showing up in my billing history. This is a critical issue affecting my business immediately.,Billing inquiry,Critical
Want my money back. I want to return this item and get a full refund. This is a critical issue affecting my business immediately.,Refund request,Critical
"Cannot log into my account. Data isn't syncing between my phone and the app. Emergency situation, please respond ASAP.",Technical issue,Critical
Refund status update. This product isn't what was described on the website. I need this resolved within the next day or two.,Refund request,High
Question about product features. What colors and sizes does this item come in? Please take a look when convenient.,Product inquiry,Medium
Subscription price increased. Can you explain the charge on my account from last week? This isn't urgent but I'd appreciate a response this week.,Billing inquiry,Medium
"Refund on my bill. I noticed a duplicate charge on my credit card statement. Please prioritize this, it's important.",Billing inquiry,High
"End my service plan. I no longer need this service and want to end my plan. Emergency situation, please respond ASAP.",Cancellation request,Critical
"Want to cancel my subscription. I'd like to terminate my account and delete my data. Low priority, just flagging for future reference.",Cancellation request,Low
"Question about product features. Does the warranty cover accidental damage? Low priority, just flagging for future reference.",Product inquiry,Low
"Sync not working. The software update keeps failing at 90 percent. Low priority, just flagging for future reference.",Technical issue,Low
"Item arrived damaged. I want to return this item and get a full refund. Low priority, just flagging for future reference.",Refund request,Low
Return and refund. I'd like to request a refund for my recent order. This is a critical issue affecting my business immediately.,Refund request,Critical
Device not turning on. My device won't turn on no matter what I try. I need this resolved within the next day or two.,Technical issue,High
Refund status update. The item arrived damaged and I want my money back. This is impacting my work significantly.,Refund request,High
"Software update failed. The software update keeps failing at 90 percent. Not blocking anything major, just want it addressed.",Technical issue,Medium
Unhappy with purchase. Can you tell me the status of my refund request? I need this resolved within the next day or two.,Refund request,High
"Compatibility question. What colors and sizes does this item come in? Low priority, just flagging for future reference.",Product inquiry,Low
Comparing two models. What colors and sizes does this item come in? This is impacting my work significantly.,Product inquiry,High
Requesting a refund. I'm not satisfied with this purchase and want a refund. Please take a look when convenient.,Refund request,Medium
"Product not as described. Can you tell me the status of my refund request? Whenever you get a chance, please look into this.",Refund request,Medium
Compatibility question. What colors and sizes does this item come in? This isn't urgent but I'd appreciate a response this week.,Product inquiry,Medium
"Refund status update. The item arrived damaged and I want my money back. Not blocking anything major, just want it addressed.",Refund request,Medium
"Cancel recent purchase. Please cancel the order I placed yesterday before it ships. This is extremely urgent, I need help right now.",Cancellation request,Critical
"Charged twice this month. I noticed a duplicate charge on my credit card statement. Not blocking anything major, just want it addressed.",Billing inquiry,Medium
"Unsubscribe from service. Turn off auto-renewal on my account starting next cycle. Whenever you get a chance, please look into this.",Cancellation request,Medium
"Does this support my device. Can you tell me if this product is compatible with my setup? This can wait, just curious about something.",Product inquiry,Low
"Please cancel my order. Turn off auto-renewal on my account starting next cycle. No rush at all, just a minor question.",Cancellation request,Low
Refund status update. I'm not satisfied with this purchase and want a refund. I need this resolved within the next day or two.,Refund request,High
"Want to cancel my subscription. I no longer need this service and want to end my plan. This is extremely urgent, I need help right now.",Cancellation request,Critical
End my service plan. Unsubscribe me from this service going forward. I need this resolved within the next day or two.,Cancellation request,High
"Payment not reflecting. My invoice this month shows an extra charge I don't recognize. Emergency situation, please respond ASAP.",Billing inquiry,Critical
"Item arrived damaged. This product isn't what was described on the website. Just a small thing, not important.",Refund request,Low
Bluetooth connection issue. My device won't turn on no matter what I try. This is impacting my work significantly.,Technical issue,High
"Question about product features. I'm curious about the battery life and expected performance. Completely unusable, need this fixed today.",Product inquiry,Critical
Does this support my device. What's the difference between the two models you offer? This is a critical issue affecting my business immediately.,Product inquiry,Critical
"Refund status update. I'm not satisfied with this purchase and want a refund. Completely unusable, need this fixed today.",Refund request,Critical
"Question about my invoice. The payment I made isn't showing up in my billing history. This can wait, just curious about something.",Billing inquiry,Low
App keeps crashing. My device won't turn on no matter what I try. Please take a look when convenient.,Technical issue,Medium
Product not as described. I want to return this item and get a full refund. This is a critical issue affecting my business immediately.,Refund request,Critical
"Does this support my device. I'd like more details on the specifications before buying. Completely unusable, need this fixed today.",Product inquiry,Critical
"Charged twice this month. My invoice this month shows an extra charge I don't recognize. Completely unusable, need this fixed today.",Billing inquiry,Critical
Refund on my bill. I was charged $75.00 but my plan should cost $49.99. This is impacting my work significantly.,Billing inquiry,High
"App keeps crashing. The product suddenly stopped responding to any input. Low priority, just flagging for future reference.",Technical issue,Low
Product not as described. Please refund me since the product doesn't work as advertised. Please take a look when convenient.,Refund request,Medium
"Question about my invoice. I noticed a duplicate charge on my credit card statement. This is extremely urgent, I need help right now.",Billing inquiry,Critical
"Refund for cancelled order. This product isn't what was described on the website. This is extremely urgent, I need help right now.",Refund request,Critical
Comparing two models. I'd like more details on the specifications before buying. Please take a look when convenient.,Product inquiry,Medium
Requesting a refund. I'd like to request a refund for my recent order. This is impacting my work significantly.,Refund request,High
Question about my invoice. I noticed a duplicate charge on my credit card statement. This is fairly urgent and needs attention soon.,Billing inquiry,High
"Cancel auto-renewal. Please cancel the order I placed yesterday before it ships. This can wait, just curious about something.",Cancellation request,Low
Product not as described. Can you tell me the status of my refund request? This is fairly urgent and needs attention soon.,Refund request,High
Does this support my device. Is this item currently in stock and ready to ship? Please take a look when convenient.,Product inquiry,Medium
"App keeps crashing. The product suddenly stopped responding to any input. Whenever you get a chance, please look into this.",Technical issue,Medium
"Question about my invoice. I need a copy of my invoice for accounting purposes. Low priority, just flagging for future reference.",Billing inquiry,Low
Does this support my device. What colors and sizes does this item come in? I need this resolved within the next day or two.,Product inquiry,High
"Cancel recent purchase. I would like to cancel my subscription effective immediately. Emergency situation, please respond ASAP.",Cancellation request,Critical
Return and refund. Can you tell me the status of my refund request? This is fairly urgent and needs attention soon.,Refund request,High
"Terminate my account. Please cancel the order I placed yesterday before it ships. Completely unusable, need this fixed today.",Cancellation request,Critical
"Requesting a refund. I'd like to request a refund for my recent order. Not blocking anything major, just want it addressed.",Refund request,Medium
"Product stopped responding. The product suddenly stopped responding to any input. Just a small thing, not important.",Technical issue,Low
"Billing cycle confusion. I need a copy of my invoice for accounting purposes. Just a small thing, not important.",Billing inquiry,Low
"Requesting a refund. This product isn't what was described on the website. Low priority, just flagging for future reference.",Refund request,Low
"Need invoice copy. Can you explain the charge on my account from last week? Emergency situation, please respond ASAP.",Billing inquiry,Critical
Does this support my device. I'd like more details on the specifications before buying. This is impacting my work significantly.,Product inquiry,High
Refund for cancelled order. My order was cancelled but I haven't received a refund yet. This is a critical issue affecting my business immediately.,Refund request,Critical
"Wrong amount charged. My invoice this month shows an extra charge I don't recognize. Low priority, just flagging for future reference.",Billing inquiry,Low
Error message on startup. The product suddenly stopped responding to any input. Please take a look when convenient.,Technical issue,Medium
Device not turning on. My device won't turn on no matter what I try. This isn't urgent but I'd appreciate a response this week.,Technical issue,Medium
Requesting a refund. Please refund me since the product doesn't work as advertised. This isn't urgent but I'd appreciate a response this week.,Refund request,Medium
"Product not as described. Please refund me since the product doesn't work as advertised. Just a small thing, not important.",Refund request,Low
Cannot log into my account. Bluetooth pairing fails every single time I attempt it. I need this resolved within the next day or two.,Technical issue,High
"End my service plan. I would like to cancel my subscription effective immediately. This is extremely urgent, I need help right now.",Cancellation request,Critical
Software update failed. My device won't turn on no matter what I try. This is a critical issue affecting my business immediately.,Technical issue,Critical
"Return and refund. This product isn't what was described on the website. Please prioritize this, it's important.",Refund request,High
Comparing two models. I'm curious about the battery life and expected performance. This is fairly urgent and needs attention soon.,Product inquiry,High
"Wrong amount charged. I was charged $120.50 but my plan should cost $9.99. Just a small thing, not important.",Billing inquiry,Low
Item arrived damaged. The item arrived damaged and I want my money back. Please take a look when convenient.,Refund request,Medium
Bluetooth connection issue. The software update keeps failing at 90 percent. This is impacting my work significantly.,Technical issue,High
"Want to cancel my subscription. Please cancel the order I placed yesterday before it ships. Low priority, just flagging for future reference.",Cancellation request,Low
"Unhappy with purchase. Can you tell me the status of my refund request? Low priority, just flagging for future reference.",Refund request,Low
"Sync not working. The app crashes every time I try to open the settings page. Just a small thing, not important.",Technical issue,Low
Compatibility question. Does this product work with third-party accessories? This isn't urgent but I'd appreciate a response this week.,Product inquiry,Medium
Product stopped responding. I keep getting an error code when I start the program. This isn't urgent but I'd appreciate a response this week.,Technical issue,Medium
"Compatibility question. I'm curious about the battery life and expected performance. Completely unusable, need this fixed today.",Product inquiry,Critical
"Question about my invoice. The payment I made isn't showing up in my billing history. Emergency situation, please respond ASAP.",Billing inquiry,Critical
Is this in stock. What's the difference between the two models you offer? This is impacting my work significantly.,Product inquiry,High
"Compatibility question. I'm curious about the battery life and expected performance. Please prioritize this, it's important.",Product inquiry,High
"Cannot log into my account. I can't log in even after resetting my password. Please prioritize this, it's important.",Technical issue,High
"Subscription price increased. Can you explain the charge on my account from last week? This can wait, just curious about something.",Billing inquiry,Low
"Please cancel my order. Unsubscribe me from this service going forward. Not blocking anything major, just want it addressed.",Cancellation request,Medium
"Please cancel my order. I would like to cancel my subscription effective immediately. Emergency situation, please respond ASAP.",Cancellation request,Critical
Refund on my bill. I noticed a duplicate charge on my credit card statement. This isn't urgent but I'd appreciate a response this week.,Billing inquiry,Medium
"Unsubscribe from service. I no longer need this service and want to end my plan. Not blocking anything major, just want it addressed.",Cancellation request,Medium
"Charged twice this month. The billing statement doesn't match what I signed up for. Just a small thing, not important.",Billing inquiry,Low
"Wrong amount charged. I noticed a duplicate charge on my credit card statement. Whenever you get a chance, please look into this.",Billing inquiry,Medium
Unhappy with purchase. This product isn't what was described on the website. This is a critical issue affecting my business immediately.,Refund request,Critical
Device not turning on. I can't log in even after resetting my password. Please take a look when convenient.,Technical issue,Medium
"Question about my invoice. I need a copy of my invoice for accounting purposes. Low priority, just flagging for future reference.",Billing inquiry,Low
"Comparing two models. Does this product work with third-party accessories? This can wait, just curious about something.",Product inquiry,Low
"Wrong amount charged. The payment I made isn't showing up in my billing history. Not blocking anything major, just want it addressed.",Billing inquiry,Medium
"Unhappy with purchase. Can you tell me the status of my refund request? Completely unusable, need this fixed today.",Refund request,Critical
Want to cancel my subscription. Please process a cancellation for my recent purchase. I need this resolved within the next day or two.,Cancellation request,High
"Subscription price increased. The payment I made isn't showing up in my billing history. No rush at all, just a minor question.",Billing inquiry,Low
"Refund status update. The item arrived damaged and I want my money back. This can wait, just curious about something.",Refund request,Low
"Want my money back. I want to return this item and get a full refund. This is extremely urgent, I need help right now.",Refund request,Critical
"Item arrived damaged. Please refund me since the product doesn't work as advertised. Completely unusable, need this fixed today.",Refund request,Critical
Is this in stock. I'm curious about the battery life and expected performance. I need this resolved within the next day or two.,Product inquiry,High
"Item arrived damaged. I want to return this item and get a full refund. Completely unusable, need this fixed today.",Refund request,Critical
Software update failed. The software update keeps failing at 90 percent. This isn't urgent but I'd appreciate a response this week.,Technical issue,Medium
"Product not as described. My order was cancelled but I haven't received a refund yet. Completely unusable, need this fixed today.",Refund request,Critical
"Cancel auto-renewal. Turn off auto-renewal on my account starting next cycle. Emergency situation, please respond ASAP.",Cancellation request,Critical
"Billing cycle confusion. The payment I made isn't showing up in my billing history. Low priority, just flagging for future reference.",Billing inquiry,Low
"Error message on startup. Bluetooth pairing fails every single time I attempt it. Low priority, just flagging for future reference.",Technical issue,Low
"Charged twice this month. My invoice this month shows an extra charge I don't recognize. This is extremely urgent, I need help right now.",Billing inquiry,Critical
Payment not reflecting. Can you explain the charge on my account from last week? This is impacting my work significantly.,Billing inquiry,High
Software update failed. My device won't turn on no matter what I try. This is fairly urgent and needs attention soon.,Technical issue,High
"Refund for cancelled order. This product isn't what was described on the website. No rush at all, just a minor question.",Refund request,Low
Stop my membership. Unsubscribe me from this service going forward. Please take a look when convenient.,Cancellation request,Medium
"Refund status update. This product isn't what was described on the website. This can wait, just curious about something.",Refund request,Low
"Requesting a refund. I'd like to request a refund for my recent order. Just a small thing, not important.",Refund request,Low
Return and refund. This product isn't what was described on the website. I need this resolved within the next day or two.,Refund request,High
Available colors and sizes. What colors and sizes does this item come in? This is impacting my work significantly.,Product inquiry,High
"Product not as described. Can you tell me the status of my refund request? This can wait, just curious about something.",Refund request,Low
"Device not turning on. The software update keeps failing at 90 percent. Not blocking anything major, just want it addressed.",Technical issue,Medium
"Refund status update. I want to return this item and get a full refund. Emergency situation, please respond ASAP.",Refund request,Critical
Is this in stock. I'm curious about the battery life and expected performance. This is impacting my work significantly.,Product inquiry,High
Available colors and sizes. I'm curious about the battery life and expected performance. This is impacting my work significantly.,Product inquiry,High
"Want my money back. I'd like to request a refund for my recent order. Not blocking anything major, just want it addressed.",Refund request,Medium
Question about product features. Does the warranty cover accidental damage? I need this resolved within the next day or two.,Product inquiry,High
"App keeps crashing. Bluetooth pairing fails every single time I attempt it. This is extremely urgent, I need help right now.",Technical issue,Critical
Unhappy with purchase. I'm not satisfied with this purchase and want a refund. Please take a look when convenient.,Refund request,Medium
"Does this support my device. Does this product work with third-party accessories? Low priority, just flagging for future reference.",Product inquiry,Low
"Requesting a refund. I'd like to request a refund for my recent order. Whenever you get a chance, please look into this.",Refund request,Medium
"Question about my invoice. Can you explain the charge on my account from last week? Low priority, just flagging for future reference.",Billing inquiry,Low
Software update failed. I keep getting an error code when I start the program. I need this resolved within the next day or two.,Technical issue,High
"Product not as described. I'm not satisfied with this purchase and want a refund. Just a small thing, not important.",Refund request,Low
Refund for cancelled order. My order was cancelled but I haven't received a refund yet. This is impacting my work significantly.,Refund request,High
"Stop my membership. I no longer need this service and want to end my plan. Completely unusable, need this fixed today.",Cancellation request,Critical
Warranty coverage details. Does the warranty cover accidental damage? This is a critical issue affecting my business immediately.,Product inquiry,Critical
"Question about product features. I'm curious about the battery life and expected performance. Please prioritize this, it's important.",Product inquiry,High
"Unsubscribe from service. Please cancel the order I placed yesterday before it ships. Not blocking anything major, just want it addressed.",Cancellation request,Medium
"Bluetooth connection issue. I keep getting an error code when I start the program. Please prioritize this, it's important.",Technical issue,High
Product stopped responding. The software update keeps failing at 90 percent. This isn't urgent but I'd appreciate a response this week.,Technical issue,Medium
"Question about product features. I'm curious about the battery life and expected performance. No rush at all, just a minor question.",Product inquiry,Low
Product not as described. I'd like to request a refund for my recent order. This is fairly urgent and needs attention soon.,Refund request,High
"Refund status update. I want to return this item and get a full refund. No rush at all, just a minor question.",Refund request,Low
"Available colors and sizes. What colors and sizes does this item come in? No rush at all, just a minor question.",Product inquiry,Low
"Requesting a refund. Please refund me since the product doesn't work as advertised. Emergency situation, please respond ASAP.",Refund request,Critical
"Does this support my device. What's the difference between the two models you offer? Just a small thing, not important.",Product inquiry,Low
Return and refund. The item arrived damaged and I want my money back. This is fairly urgent and needs attention soon.,Refund request,High
Question about product features. What colors and sizes does this item come in? Please take a look when convenient.,Product inquiry,Medium
Return and refund. Can you tell me the status of my refund request? This is a critical issue affecting my business immediately.,Refund request,Critical
Is this in stock. Does the warranty cover accidental damage? Please take a look when convenient.,Product inquiry,Medium
Product not as described. My order was cancelled but I haven't received a refund yet. This isn't urgent but I'd appreciate a response this week.,Refund request,Medium
"Return and refund. I'm not satisfied with this purchase and want a refund. Just a small thing, not important.",Refund request,Low
"Stop my membership. Please process a cancellation for my recent purchase. Whenever you get a chance, please look into this.",Cancellation request,Medium
"App keeps crashing. I keep getting an error code when I start the program. Please prioritize this, it's important.",Technical issue,High
"Want to cancel my subscription. I'd like to terminate my account and delete my data. No rush at all, just a minor question.",Cancellation request,Low
"Sync not working. The product suddenly stopped responding to any input. No rush at all, just a minor question.",Technical issue,Low
"Bluetooth connection issue. Bluetooth pairing fails every single time I attempt it. No rush at all, just a minor question.",Technical issue,Low
"App keeps crashing. The product suddenly stopped responding to any input. Emergency situation, please respond ASAP.",Technical issue,Critical
"Does this support my device. What colors and sizes does this item come in? Whenever you get a chance, please look into this.",Product inquiry,Medium
"Product specifications. Does this product work with third-party accessories? Whenever you get a chance, please look into this.",Product inquiry,Medium
"Does this support my device. What's the difference between the two models you offer? Just a small thing, not important.",Product inquiry,Low
"Sync not working. I keep getting an error code when I start the program. Just a small thing, not important.",Technical issue,Low
Product specifications. Does this product work with third-party accessories? This is fairly urgent and needs attention soon.,Product inquiry,High
Product stopped responding. Bluetooth pairing fails every single time I attempt it. This isn't urgent but I'd appreciate a response this week.,Technical issue,Medium
"Product specifications. What's the difference between the two models you offer? Low priority, just flagging for future reference.",Product inquiry,Low
Terminate my account. Unsubscribe me from this service going forward. Please take a look when convenient.,Cancellation request,Medium
"Item arrived damaged. My order was cancelled but I haven't received a refund yet. Completely unusable, need this fixed today.",Refund request,Critical
"Refund for cancelled order. Please refund me since the product doesn't work as advertised. Low priority, just flagging for future reference.",Refund request,Low
"Cannot log into my account. The app crashes every time I try to open the settings page. Emergency situation, please respond ASAP.",Technical issue,Critical
"Billing cycle confusion. Can you explain the charge on my account from last week? Completely unusable, need this fixed today.",Billing inquiry,Critical
"Cancel recent purchase. I would like to cancel my subscription effective immediately. This is extremely urgent, I need help right now.",Cancellation request,Critical
"Device not turning on. I can't log in even after resetting my password. This can wait, just curious about something.",Technical issue,Low
Is this in stock. Is this item currently in stock and ready to ship? This is a critical issue affecting my business immediately.,Product inquiry,Critical
"Please cancel my order. Please process a cancellation for my recent purchase. Whenever you get a chance, please look into this.",Cancellation request,Medium
"End my service plan. I no longer need this service and want to end my plan. Low priority, just flagging for future reference.",Cancellation request,Low
Want my money back. I'm not satisfied with this purchase and want a refund. This is a critical issue affecting my business immediately.,Refund request,Critical
"Unsubscribe from service. Unsubscribe me from this service going forward. This can wait, just curious about something.",Cancellation request,Low
"Product not as described. Can you tell me the status of my refund request? Just a small thing, not important.",Refund request,Low
"Want to cancel my subscription. Please process a cancellation for my recent purchase. Low priority, just flagging for future reference.",Cancellation request,Low
"Wrong amount charged. My invoice this month shows an extra charge I don't recognize. Low priority, just flagging for future reference.",Billing inquiry,Low
"Sync not working. The software update keeps failing at 90 percent. Whenever you get a chance, please look into this.",Technical issue,Medium
"Unsubscribe from service. Unsubscribe me from this service going forward. This can wait, just curious about something.",Cancellation request,Low
"Stop my membership. I want to stop my membership and not be charged again. Low priority, just flagging for future reference.",Cancellation request,Low
"Error message on startup. The product suddenly stopped responding to any input. Just a small thing, not important.",Technical issue,Low
End my service plan. Please process a cancellation for my recent purchase. This is fairly urgent and needs attention soon.,Cancellation request,High
Requesting a refund. Can you tell me the status of my refund request? This is a critical issue affecting my business immediately.,Refund request,Critical
"Product specifications. Is this item currently in stock and ready to ship? This can wait, just curious about something.",Product inquiry,Low
Terminate my account. I want to stop my membership and not be charged again. This is a critical issue affecting my business immediately.,Cancellation request,Critical
"Product stopped responding. The app crashes every time I try to open the settings page. Emergency situation, please respond ASAP.",Technical issue,Critical
"Product not as described. Can you tell me the status of my refund request? This can wait, just curious about something.",Refund request,Low
"Error message on startup. Bluetooth pairing fails every single time I attempt it. Completely unusable, need this fixed today.",Technical issue,Critical
"Cancel auto-renewal. Please cancel the order I placed yesterday before it ships. Please prioritize this, it's important.",Cancellation request,High
"Unhappy with purchase. I'm not satisfied with this purchase and want a refund. This can wait, just curious about something.",Refund request,Low
"Cancel recent purchase. I no longer need this service and want to end my plan. Please prioritize this, it's important.",Cancellation request,High
"Cannot log into my account. I can't log in even after resetting my password. Emergency situation, please respond ASAP.",Technical issue,Critical
"Need invoice copy. My invoice this month shows an extra charge I don't recognize. Emergency situation, please respond ASAP.",Billing inquiry,Critical
"Cancel auto-renewal. Unsubscribe me from this service going forward. Completely unusable, need this fixed today.",Cancellation request,Critical
Requesting a refund. I want to return this item and get a full refund. This is fairly urgent and needs attention soon.,Refund request,High
Error message on startup. Data isn't syncing between my phone and the app. This is impacting my work significantly.,Technical issue,High
Bluetooth connection issue. The software update keeps failing at 90 percent. This is a critical issue affecting my business immediately.,Technical issue,Critical
"Warranty coverage details. Is this item currently in stock and ready to ship? Low priority, just flagging for future reference.",Product inquiry,Low
"Is this in stock. Is this item currently in stock and ready to ship? Completely unusable, need this fixed today.",Product inquiry,Critical
"Cancel recent purchase. Please cancel the order I placed yesterday before it ships. Please prioritize this, it's important.",Cancellation request,High
Unsubscribe from service. Turn off auto-renewal on my account starting next cycle. Please take a look when convenient.,Cancellation request,Medium
"Question about my invoice. The billing statement doesn't match what I signed up for. No rush at all, just a minor question.",Billing inquiry,Low
"Charged twice this month. My subscription fee went up without any notice. Emergency situation, please respond ASAP.",Billing inquiry,Critical
"Does this support my device. Does the warranty cover accidental damage? Low priority, just flagging for future reference.",Product inquiry,Low
"Question about my invoice. My subscription fee went up without any notice. This can wait, just curious about something.",Billing inquiry,Low
Unsubscribe from service. I want to stop my membership and not be charged again. Please take a look when convenient.,Cancellation request,Medium
Billing cycle confusion. My subscription fee went up without any notice. This is fairly urgent and needs attention soon.,Billing inquiry,High
"Want my money back. I'm not satisfied with this purchase and want a refund. Whenever you get a chance, please look into this.",Refund request,Medium
Device not turning on. I can't log in even after resetting my password. I need this resolved within the next day or two.,Technical issue,High
"Charged twice this month. I was charged $19.00 but my plan should cost $9.99. Just a small thing, not important.",Billing inquiry,Low
"Software update failed. Bluetooth pairing fails every single time I attempt it. Emergency situation, please respond ASAP.",Technical issue,Critical
"Error message on startup. The product suddenly stopped responding to any input. No rush at all, just a minor question.",Technical issue,Low
Error message on startup. The app crashes every time I try to open the settings page. This is fairly urgent and needs attention soon.,Technical issue,High
"Item arrived damaged. I want to return this item and get a full refund. Please prioritize this, it's important.",Refund request,High
Is this in stock. What's the difference between the two models you offer? This is a critical issue affecting my business immediately.,Product inquiry,Critical
"Comparing two models. What colors and sizes does this item come in? Low priority, just flagging for future reference.",Product inquiry,Low
Unhappy with purchase. My order was cancelled but I haven't received a refund yet. Please take a look when convenient.,Refund request,Medium
"Error message on startup. The app crashes every time I try to open the settings page. Please prioritize this, it's important.",Technical issue,High
"Available colors and sizes. What colors and sizes does this item come in? This is extremely urgent, I need help right now.",Product inquiry,Critical
Available colors and sizes. What colors and sizes does this item come in? I need this resolved within the next day or two.,Product inquiry,High
"Software update failed. The app crashes every time I try to open the settings page. Completely unusable, need this fixed today.",Technical issue,Critical
"Wrong amount charged. I noticed a duplicate charge on my credit card statement. No rush at all, just a minor question.",Billing inquiry,Low
Wrong amount charged. The payment I made isn't showing up in my billing history. I need this resolved within the next day or two.,Billing inquiry,High
Compatibility question. Does this product work with third-party accessories? I need this resolved within the next day or two.,Product inquiry,High
"Warranty coverage details. Does this product work with third-party accessories? Not blocking anything major, just want it addressed.",Product inquiry,Medium
Product stopped responding. I keep getting an error code when I start the program. This is a critical issue affecting my business immediately.,Technical issue,Critical
"Software update failed. Data isn't syncing between my phone and the app. No rush at all, just a minor question.",Technical issue,Low
Refund on my bill. My invoice this month shows an extra charge I don't recognize. This is fairly urgent and needs attention soon.,Billing inquiry,High
End my service plan. Unsubscribe me from this service going forward. This is fairly urgent and needs attention soon.,Cancellation request,High
Need invoice copy. The billing statement doesn't match what I signed up for. This is a critical issue affecting my business immediately.,Billing inquiry,Critical
"Cancel recent purchase. I want to stop my membership and not be charged again. Please prioritize this, it's important.",Cancellation request,High
"Comparing two models. What colors and sizes does this item come in? Completely unusable, need this fixed today.",Product inquiry,Critical
"Terminate my account. I want to stop my membership and not be charged again. Please prioritize this, it's important.",Cancellation request,High
Payment not reflecting. My invoice this month shows an extra charge I don't recognize. This isn't urgent but I'd appreciate a response this week.,Billing inquiry,Medium
"Cancel recent purchase. Please cancel the order I placed yesterday before it ships. Just a small thing, not important.",Cancellation request,Low
"Refund on my bill. I was charged $49.99 but my plan should cost $9.99. This can wait, just curious about something.",Billing inquiry,Low
"Unsubscribe from service. I no longer need this service and want to end my plan. Emergency situation, please respond ASAP.",Cancellation request,Critical
"Is this in stock. I'm curious about the battery life and expected performance. Low priority, just flagging for future reference.",Product inquiry,Low
"Item arrived damaged. I want to return this item and get a full refund. Emergency situation, please respond ASAP.",Refund request,Critical
"Cannot log into my account. I can't log in even after resetting my password. No rush at all, just a minor question.",Technical issue,Low
"Requesting a refund. Please refund me since the product doesn't work as advertised. This is extremely urgent, I need help right now.",Refund request,Critical
Want to cancel my subscription. I no longer need this service and want to end my plan. This is fairly urgent and needs attention soon.,Cancellation request,High
"Billing cycle confusion. The payment I made isn't showing up in my billing history. No rush at all, just a minor question.",Billing inquiry,Low
Cancel auto-renewal. Unsubscribe me from this service going forward. This is a critical issue affecting my business immediately.,Cancellation request,Critical
"Billing cycle confusion. I was charged $49.99 but my plan should cost $75.00. Please prioritize this, it's important.",Billing inquiry,High
"Subscription price increased. I was charged $9.99 but my plan should cost $120.50. This is extremely urgent, I need help right now.",Billing inquiry,Critical
Item arrived damaged. My order was cancelled but I haven't received a refund yet. This is fairly urgent and needs attention soon.,Refund request,High
"Unsubscribe from service. Unsubscribe me from this service going forward. No rush at all, just a minor question.",Cancellation request,Low
"Sync not working. Bluetooth pairing fails every single time I attempt it. Whenever you get a chance, please look into this.",Technical issue,Medium
Stop my membership. Turn off auto-renewal on my account starting next cycle. I need this resolved within the next day or two.,Cancellation request,High
Requesting a refund. Please refund me since the product doesn't work as advertised. I need this resolved within the next day or two.,Refund request,High
Question about product features. Can you tell me if this product is compatible with my setup? This isn't urgent but I'd appreciate a response this week.,Product inquiry,Medium
App keeps crashing. Bluetooth pairing fails every single time I attempt it. This is impacting my work significantly.,Technical issue,High
"Product not as described. Can you tell me the status of my refund request? Low priority, just flagging for future reference.",Refund request,Low
"Terminate my account. Please process a cancellation for my recent purchase. Completely unusable, need this fixed today.",Cancellation request,Critical
"Want to cancel my subscription. Please cancel the order I placed yesterday before it ships. Just a small thing, not important.",Cancellation request,Low
"Unhappy with purchase. Can you tell me the status of my refund request? Low priority, just flagging for future reference.",Refund request,Low
Want my money back. I'm not satisfied with this purchase and want a refund. This is fairly urgent and needs attention soon.,Refund request,High
"Available colors and sizes. Can you tell me if this product is compatible with my setup? Just a small thing, not important.",Product inquiry,Low
"Wrong amount charged. Can you explain the charge on my account from last week? Completely unusable, need this fixed today.",Billing inquiry,Critical
Payment not reflecting. The payment I made isn't showing up in my billing history. This is impacting my work significantly.,Billing inquiry,High
"End my service plan. Please cancel the order I placed yesterday before it ships. Low priority, just flagging for future reference.",Cancellation request,Low
"Device not turning on. I keep getting an error code when I start the program. Not blocking anything major, just want it addressed.",Technical issue,Medium
"Want my money back. I want to return this item and get a full refund. This can wait, just curious about something.",Refund request,Low
Item arrived damaged. I'd like to request a refund for my recent order. I need this resolved within the next day or two.,Refund request,High
"Product not as described. This product isn't what was described on the website. Completely unusable, need this fixed today.",Refund request,Critical
"Available colors and sizes. What's the difference between the two models you offer? No rush at all, just a minor question.",Product inquiry,Low
"Subscription price increased. My invoice this month shows an extra charge I don't recognize. Completely unusable, need this fixed today.",Billing inquiry,Critical
Does this support my device. Does this product work with third-party accessories? Please take a look when convenient.,Product inquiry,Medium
Cancel auto-renewal. Please process a cancellation for my recent purchase. This is impacting my work significantly.,Cancellation request,High
App keeps crashing. My device won't turn on no matter what I try. This is a critical issue affecting my business immediately.,Technical issue,Critical
Does this support my device. What's the difference between the two models you offer? Please take a look when convenient.,Product inquiry,Medium
Unsubscribe from service. Turn off auto-renewal on my account starting next cycle. This is fairly urgent and needs attention soon.,Cancellation request,High
Charged twice this month. My invoice this month shows an extra charge I don't recognize. This is impacting my work significantly.,Billing inquiry,High
"Charged twice this month. I noticed a duplicate charge on my credit card statement. Please prioritize this, it's important.",Billing inquiry,High
"Refund on my bill. My subscription fee went up without any notice. Not blocking anything major, just want it addressed.",Billing inquiry,Medium
"Cannot log into my account. The app crashes every time I try to open the settings page. Just a small thing, not important.",Technical issue,Low
"Cannot log into my account. Data isn't syncing between my phone and the app. Please prioritize this, it's important.",Technical issue,High
Question about product features. Does the warranty cover accidental damage? I need this resolved within the next day or two.,Product inquiry,High
"Need invoice copy. Can you explain the charge on my account from last week? Low priority, just flagging for future reference.",Billing inquiry,Low
Cancel auto-renewal. I'd like to terminate my account and delete my data. Please take a look when convenient.,Cancellation request,Medium
"Question about my invoice. Can you explain the charge on my account from last week? Completely unusable, need this fixed today.",Billing inquiry,Critical
"Software update failed. Data isn't syncing between my phone and the app. Just a small thing, not important.",Technical issue,Low
"Unhappy with purchase. I'm not satisfied with this purchase and want a refund. Just a small thing, not important.",Refund request,Low
"Compatibility question. Is this item currently in stock and ready to ship? This can wait, just curious about something.",Product inquiry,Low
"Requesting a refund. I want to return this item and get a full refund. Not blocking anything major, just want it addressed.",Refund request,Medium
"Stop my membership. Please process a cancellation for my recent purchase. Please prioritize this, it's important.",Cancellation request,High
"Question about product features. Can you tell me if this product is compatible with my setup? Completely unusable, need this fixed today.",Product inquiry,Critical
Refund for cancelled order. My order was cancelled but I haven't received a refund yet. This isn't urgent but I'd appreciate a response this week.,Refund request,Medium
Bluetooth connection issue. The software update keeps failing at 90 percent. This isn't urgent but I'd appreciate a response this week.,Technical issue,Medium
Item arrived damaged. This product isn't what was described on the website. This is a critical issue affecting my business immediately.,Refund request,Critical
Bluetooth connection issue. I can't log in even after resetting my password. This is a critical issue affecting my business immediately.,Technical issue,Critical
"Cancel recent purchase. I would like to cancel my subscription effective immediately. Emergency situation, please respond ASAP.",Cancellation request,Critical
"Subscription price increased. The payment I made isn't showing up in my billing history. No rush at all, just a minor question.",Billing inquiry,Low
"Terminate my account. Turn off auto-renewal on my account starting next cycle. Completely unusable, need this fixed today.",Cancellation request,Critical
Device not turning on. My device won't turn on no matter what I try. This is a critical issue affecting my business immediately.,Technical issue,Critical
"Requesting a refund. My order was cancelled but I haven't received a refund yet. Whenever you get a chance, please look into this.",Refund request,Medium
"Unhappy with purchase. My order was cancelled but I haven't received a refund yet. Low priority, just flagging for future reference.",Refund request,Low
"Bluetooth connection issue. The product suddenly stopped responding to any input. This is extremely urgent, I need help right now.",Technical issue,Critical
Available colors and sizes. I'm curious about the battery life and expected performance. Please take a look when convenient.,Product inquiry,Medium
"Bluetooth connection issue. The app crashes every time I try to open the settings page. This is extremely urgent, I need help right now.",Technical issue,Critical
Item arrived damaged. The item arrived damaged and I want my money back. This is fairly urgent and needs attention soon.,Refund request,High
Unsubscribe from service. I want to stop my membership and not be charged again. This is fairly urgent and needs attention soon.,Cancellation request,High
Cancel auto-renewal. I want to stop my membership and not be charged again. This is a critical issue affecting my business immediately.,Cancellation request,Critical
Wrong amount charged. The billing statement doesn't match what I signed up for. This isn't urgent but I'd appreciate a response this week.,Billing inquiry,Medium
"Payment not reflecting. The billing statement doesn't match what I signed up for. Completely unusable, need this fixed today.",Billing inquiry,Critical
Product specifications. I'm curious about the battery life and expected performance. This is fairly urgent and needs attention soon.,Product inquiry,High
Error message on startup. Data isn't syncing between my phone and the app. I need this resolved within the next day or two.,Technical issue,High
"Is this in stock. I'm curious about the battery life and expected performance. No rush at all, just a minor question.",Product inquiry,Low
"Payment not reflecting. The billing statement doesn't match what I signed up for. Completely unusable, need this fixed today.",Billing inquiry,Critical
Cancel recent purchase. I no longer need this service and want to end my plan. Please take a look when convenient.,Cancellation request,Medium
Does this support my device. Does this product work with third-party accessories? I need this resolved within the next day or two.,Product inquiry,High
Cannot log into my account. Data isn't syncing between my phone and the app. This is a critical issue affecting my business immediately.,Technical issue,Critical
Terminate my account. Please process a cancellation for my recent purchase. This isn't urgent but I'd appreciate a response this week.,Cancellation request,Medium
"Item arrived damaged. I'm not satisfied with this purchase and want a refund. Emergency situation, please respond ASAP.",Refund request,Critical
"Unhappy with purchase. I'm not satisfied with this purchase and want a refund. Please prioritize this, it's important.",Refund request,High
"Charged twice this month. I was charged $9.99 but my plan should cost $120.50. This is extremely urgent, I need help right now.",Billing inquiry,Critical
"End my service plan. Unsubscribe me from this service going forward. Just a small thing, not important.",Cancellation request,Low
Warranty coverage details. I'm curious about the battery life and expected performance. This is impacting my work significantly.,Product inquiry,High
"Refund for cancelled order. I'm not satisfied with this purchase and want a refund. Completely unusable, need this fixed today.",Refund request,Critical
"Question about my invoice. The billing statement doesn't match what I signed up for. Low priority, just flagging for future reference.",Billing inquiry,Low
Item arrived damaged. I'm not satisfied with this purchase and want a refund. This is a critical issue affecting my business immediately.,Refund request,Critical
End my service plan. Unsubscribe me from this service going forward. This is a critical issue affecting my business immediately.,Cancellation request,Critical
"Is this in stock. What's the difference between the two models you offer? Low priority, just flagging for future reference.",Product inquiry,Low
"Available colors and sizes. Is this item currently in stock and ready to ship? Low priority, just flagging for future reference.",Product inquiry,Low
Need invoice copy. I need a copy of my invoice for accounting purposes. This is fairly urgent and needs attention soon.,Billing inquiry,High
Refund for cancelled order. Can you tell me the status of my refund request? This is fairly urgent and needs attention soon.,Refund request,High
"Charged twice this month. I need a copy of my invoice for accounting purposes. Please prioritize this, it's important.",Billing inquiry,High
Question about product features. What's the difference between the two models you offer? This isn't urgent but I'd appreciate a response this week.,Product inquiry,Medium
"Cannot log into my account. The software update keeps failing at 90 percent. This is extremely urgent, I need help right now.",Technical issue,Critical
Billing cycle confusion. I noticed a duplicate charge on my credit card statement. This is a critical issue affecting my business immediately.,Billing inquiry,Critical
"Want my money back. This product isn't what was described on the website. Low priority, just flagging for future reference.",Refund request,Low
"Please cancel my order. Unsubscribe me from this service going forward. Completely unusable, need this fixed today.",Cancellation request,Critical
"Unhappy with purchase. My order was cancelled but I haven't received a refund yet. No rush at all, just a minor question.",Refund request,Low
"Comparing two models. I'm curious about the battery life and expected performance. This is extremely urgent, I need help right now.",Product inquiry,Critical
Is this in stock. What's the difference between the two models you offer? I need this resolved within the next day or two.,Product inquiry,High
"Product specifications. What colors and sizes does this item come in? Low priority, just flagging for future reference.",Product inquiry,Low
"Cancel recent purchase. I'd like to terminate my account and delete my data. This is extremely urgent, I need help right now.",Cancellation request,Critical
Return and refund. I'd like to request a refund for my recent order. I need this resolved within the next day or two.,Refund request,High
"Product specifications. I'm curious about the battery life and expected performance. Just a small thing, not important.",Product inquiry,Low
